방향,매칭품목,점수,새글제목,새글링크,상대제목,상대글쓴이,상대링크,상대수집일
구매→판매,목심,0,미국산 아이비피 목심 구매합니다.,https://cafe.daum.net/meetpeople/HoTs/93886,목심 ECT*A*판매합니다,로드박상균,https://cafe.daum.net/meetpeople/HoUW/220581,2026-07-06
구매→판매,목심,0,미국산 아이비피 목심 구매합니다.,https://cafe.daum.net/meetpeople/HoTs/93886,AMH S 목심 저렴하게 판매합니다.,오니,https://cafe.daum.net/meetpeople/HoUW/220571,2026-07-06
구매→판매,목심,0,미국산 아이비피 목심 구매합니다.,https://cafe.daum.net/meetpeople/HoTs/93886,목심 ECT*A*판매합니다,로드박상균,https://cafe.daum.net/meetpeople/HoUW/220497,2026-07-06
구매→판매,목심,0,미국산 아이비피 목심 구매합니다.,https://cafe.daum.net/meetpeople/HoTs/93886,목심 ECT*A*판매합니다,로드박상균,https://cafe.daum.net/meetpeople/HoUW/220398,2026-07-06
구매→판매,목심,0,미국산 아이비피 목심 구매합니다.,https://cafe.daum.net/meetpeople/HoTs/93886,amg a 목심 저렴하게 판매합니다.,오니,https://cafe.daum.net/meetpeople/HoUW/220321,2026-07-06
구매→판매,갈비,0,IBP 278 CAB 갈비 구매합니다,https://cafe.daum.net/meetpeople/HoTs/93882,STX UN 갈비 판매합니다,진갈비,https://cafe.daum.net/meetpeople/HoUW/220612,2026-07-06
구매→판매,갈비,0,IBP 278 CAB 갈비 구매합니다,https://cafe.daum.net/meetpeople/HoTs/93882,acc 239 yggf 갈비 판매합니다,NoName,https://cafe.daum.net/meetpeople/HoUW/220598,2026-07-06
구매→판매,갈비,0,IBP 278 CAB 갈비 구매합니다,https://cafe.daum.net/meetpeople/HoTs/93882,그리니아 B 갈비팝니다,새솔미트,https://cafe.daum.net/meetpeople/HoUW/220594,2026-07-06
구매→판매,갈비,0,IBP 278 CAB 갈비 구매합니다,https://cafe.daum.net/meetpeople/HoTs/93882,스위프트 초이스 갈비 판매 합니다.,健康翰 大韓民國 畜産物 企業 　,https://cafe.daum.net/meetpeople/HoUW/220583,2026-07-06
구매→판매,갈비,0,IBP 278 CAB 갈비 구매합니다,https://cafe.daum.net/meetpeople/HoTs/93882,그리니아 PS 갈비팝니다,새솔미트,https://cafe.daum.net/meetpeople/HoUW/220509,2026-07-06
구매→판매,삼겹양지,5,미국산 엑셀 삼겹양지 구합니다.,https://cafe.daum.net/meetpeople/HoTs/93878,미국산 엑셀 삼겹양지 판매합니다.,MK선종,https://cafe.daum.net/meetpeople/HoUW/219470,2026-07-06
구매→판매,삼겹양지,3,미국산 엑셀 삼겹양지 구합니다.,https://cafe.daum.net/meetpeople/HoTs/93878,엑셀 삼겹양지 팝니다,미코상사,https://cafe.daum.net/meetpeople/HoUW/219450,2026-07-06
구매→판매,삼겹양지,0,미국산 엑셀 삼겹양지 구합니다.,https://cafe.daum.net/meetpeople/HoTs/93878,IBP 245J 삼겹양지 판매합니다.,탁운호,https://cafe.daum.net/meetpeople/HoUW/220378,2026-07-06
구매→판매,삼겹양지,0,미국산 엑셀 삼겹양지 구합니다.,https://cafe.daum.net/meetpeople/HoTs/93878,AMH GF 170/235 진공 삼겹양지 판매합니다.,팜플러스,https://cafe.daum.net/meetpeople/HoUW/220348,2026-07-06
구매→판매,삼겹양지,0,미국산 엑셀 삼겹양지 구합니다.,https://cafe.daum.net/meetpeople/HoTs/93878,(미산) NB 삼겹양지 판매중입니다.,수입쇠고기,https://cafe.daum.net/meetpeople/HoUW/220266,2026-07-06
구매→판매,갈비,3,미국산 아이비피 245E CH 갈비 구매합니다.,https://cafe.daum.net/meetpeople/HoTs/93874,IBP 245E CAB 갈비 판매합니다,LSTC 구기모,https://cafe.daum.net/meetpeople/HoUW/220483,2026-07-06
구매→판매,갈비,3,미국산 아이비피 245E CH 갈비 구매합니다.,https://cafe.daum.net/meetpeople/HoTs/93874,IBP 245E CAB 갈비 팝니다.,김승용,https://cafe.daum.net/meetpeople/HoUW/219938,2026-07-06
구매→판매,갈비,2,미국산 아이비피 245E CH 갈비 구매합니다.,https://cafe.daum.net/meetpeople/HoTs/93874,국내산 한우 냉동 갈비 판매합니다,kty271,https://cafe.daum.net/meetpeople/HoUW/220451,2026-07-06
구매→판매,갈비,2,미국산 아이비피 245E CH 갈비 구매합니다.,https://cafe.daum.net/meetpeople/HoTs/93874,국내산 한우 냉동 갈비 판매합니다,kty271,https://cafe.daum.net/meetpeople/HoUW/220189,2026-07-06
구매→판매,갈비,2,미국산 아이비피 245E CH 갈비 구매합니다.,https://cafe.daum.net/meetpeople/HoTs/93874,냉장 미국산 갈비 판매합니다.,대동호야,https://cafe.daum.net/meetpeople/HoUW/219896,2026-07-06
구매→판매,닭정육,0,페르디가오 닭정육 구매합니다,https://cafe.daum.net/meetpeople/HoTs/93872,브라질 닭정육(S/L) 판매합니다,(주)엠비케이디,https://cafe.daum.net/meetpeople/HoUW/220163,2026-07-06
구매→판매,꽃갈비,1,네셔날 동결 CAB 꽃갈비 구매합니다.,https://cafe.daum.net/meetpeople/HoTs/93870,쇼케이스 CH 동결 꽃갈비 판매합니다.,(주)미트하임 박기돈,https://cafe.daum.net/meetpeople/HoUW/220151,2026-07-06
구매→판매,알목심,0,킬코이 GF 알목심 구매합니다.,https://cafe.daum.net/meetpeople/HoTs/93868,냉장 호주산 와규 알목심(윗등심) 판매합니다,미트대명사 안병관,https://cafe.daum.net/meetpeople/HoUW/220560,2026-07-06
구매→판매,알목심,0,킬코이 GF 알목심 구매합니다.,https://cafe.daum.net/meetpeople/HoTs/93868,AFG 알목심 CH 미산 판매합니다,삼촌,https://cafe.daum.net/meetpeople/HoUW/220538,2026-07-06
구매→판매,알목심,0,킬코이 GF 알목심 구매합니다.,https://cafe.daum.net/meetpeople/HoTs/93868,미국산 엔비 프라임 알목심 판매합니다!,김영재,https://cafe.daum.net/meetpeople/HoUW/220520,2026-07-06
구매→판매,알목심,0,킬코이 GF 알목심 구매합니다.,https://cafe.daum.net/meetpeople/HoTs/93868,[냉장] ibp pr 알목심 판매합니다.,김기홍,https://cafe.daum.net/meetpeople/HoUW/220442,2026-07-06
구매→판매,알목심,0,킬코이 GF 알목심 구매합니다.,https://cafe.daum.net/meetpeople/HoTs/93868,캐나다 알목심 판매합니다,럭키,https://cafe.daum.net/meetpeople/HoUW/220393,2026-07-06
구매→판매,사태,0,킬코이 GF 사태 구매합니다.,https://cafe.daum.net/meetpeople/HoTs/93866,콤팍소 미사태 판매합니다,승리선택,https://cafe.daum.net/meetpeople/HoUW/220506,2026-07-06
구매→판매,사태,0,킬코이 GF 사태 구매합니다.,https://cafe.daum.net/meetpeople/HoTs/93866,콤팍소 미사태 판매합니다,승리선택,https://cafe.daum.net/meetpeople/HoUW/220397,2026-07-06
구매→판매,목심,0,미국산 아이비피 목심 구매합니다.,https://cafe.daum.net/meetpeople/HoTs/93886,목심 ECT*A*판매합니다,로드박상균,https://cafe.daum.net/meetpeople/HoUW/220581,2026-07-06
구매→판매,목심,0,미국산 아이비피 목심 구매합니다.,https://cafe.daum.net/meetpeople/HoTs/93886,AMH S 목심 저렴하게 판매합니다.,오니,https://cafe.daum.net/meetpeople/HoUW/220571,2026-07-06
구매→판매,목심,0,미국산 아이비피 목심 구매합니다.,https://cafe.daum.net/meetpeople/HoTs/93886,목심 ECT*A*판매합니다,로드박상균,https://cafe.daum.net/meetpeople/HoUW/220497,2026-07-06
구매→판매,목심,0,미국산 아이비피 목심 구매합니다.,https://cafe.daum.net/meetpeople/HoTs/93886,목심 ECT*A*판매합니다,로드박상균,https://cafe.daum.net/meetpeople/HoUW/220398,2026-07-06
구매→판매,목심,0,미국산 아이비피 목심 구매합니다.,https://cafe.daum.net/meetpeople/HoTs/93886,amg a 목심 저렴하게 판매합니다.,오니,https://cafe.daum.net/meetpeople/HoUW/220321,2026-07-06
구매→판매,갈비,0,IBP 278 CAB 갈비 구매합니다,https://cafe.daum.net/meetpeople/HoTs/93882,STX UN 갈비 판매합니다,진갈비,https://cafe.daum.net/meetpeople/HoUW/220612,2026-07-06
구매→판매,갈비,0,IBP 278 CAB 갈비 구매합니다,https://cafe.daum.net/meetpeople/HoTs/93882,acc 239 yggf 갈비 판매합니다,NoName,https://cafe.daum.net/meetpeople/HoUW/220598,2026-07-06
구매→판매,갈비,0,IBP 278 CAB 갈비 구매합니다,https://cafe.daum.net/meetpeople/HoTs/93882,그리니아 B 갈비팝니다,새솔미트,https://cafe.daum.net/meetpeople/HoUW/220594,2026-07-06
구매→판매,갈비,0,IBP 278 CAB 갈비 구매합니다,https://cafe.daum.net/meetpeople/HoTs/93882,스위프트 초이스 갈비 판매 합니다.,健康翰 大韓民國 畜産物 企業 　,https://cafe.daum.net/meetpeople/HoUW/220583,2026-07-06
구매→판매,갈비,0,IBP 278 CAB 갈비 구매합니다,https://cafe.daum.net/meetpeople/HoTs/93882,그리니아 PS 갈비팝니다,새솔미트,https://cafe.daum.net/meetpeople/HoUW/220509,2026-07-06
구매→판매,삼겹양지,5,미국산 엑셀 삼겹양지 구합니다.,https://cafe.daum.net/meetpeople/HoTs/93878,미국산 엑셀 삼겹양지 판매합니다.,MK선종,https://cafe.daum.net/meetpeople/HoUW/219470,2026-07-06
구매→판매,삼겹양지,3,미국산 엑셀 삼겹양지 구합니다.,https://cafe.daum.net/meetpeople/HoTs/93878,엑셀 삼겹양지 팝니다,미코상사,https://cafe.daum.net/meetpeople/HoUW/219450,2026-07-06
구매→판매,삼겹양지,0,미국산 엑셀 삼겹양지 구합니다.,https://cafe.daum.net/meetpeople/HoTs/93878,IBP 245J 삼겹양지 판매합니다.,탁운호,https://cafe.daum.net/meetpeople/HoUW/220378,2026-07-06
구매→판매,삼겹양지,0,미국산 엑셀 삼겹양지 구합니다.,https://cafe.daum.net/meetpeople/HoTs/93878,AMH GF 170/235 진공 삼겹양지 판매합니다.,팜플러스,https://cafe.daum.net/meetpeople/HoUW/220348,2026-07-06
구매→판매,삼겹양지,0,미국산 엑셀 삼겹양지 구합니다.,https://cafe.daum.net/meetpeople/HoTs/93878,(미산) NB 삼겹양지 판매중입니다.,수입쇠고기,https://cafe.daum.net/meetpeople/HoUW/220266,2026-07-06
구매→판매,갈비,3,미국산 아이비피 245E CH 갈비 구매합니다.,https://cafe.daum.net/meetpeople/HoTs/93874,IBP 245E CAB 갈비 판매합니다,LSTC 구기모,https://cafe.daum.net/meetpeople/HoUW/220483,2026-07-06
구매→판매,갈비,3,미국산 아이비피 245E CH 갈비 구매합니다.,https://cafe.daum.net/meetpeople/HoTs/93874,IBP 245E CAB 갈비 팝니다.,김승용,https://cafe.daum.net/meetpeople/HoUW/219938,2026-07-06
구매→판매,갈비,2,미국산 아이비피 245E CH 갈비 구매합니다.,https://cafe.daum.net/meetpeople/HoTs/93874,국내산 한우 냉동 갈비 판매합니다,kty271,https://cafe.daum.net/meetpeople/HoUW/220451,2026-07-06
구매→판매,갈비,2,미국산 아이비피 245E CH 갈비 구매합니다.,https://cafe.daum.net/meetpeople/HoTs/93874,국내산 한우 냉동 갈비 판매합니다,kty271,https://cafe.daum.net/meetpeople/HoUW/220189,2026-07-06
구매→판매,갈비,2,미국산 아이비피 245E CH 갈비 구매합니다.,https://cafe.daum.net/meetpeople/HoTs/93874,냉장 미국산 갈비 판매합니다.,대동호야,https://cafe.daum.net/meetpeople/HoUW/219896,2026-07-06
구매→판매,닭정육,0,페르디가오 닭정육 구매합니다,https://cafe.daum.net/meetpeople/HoTs/93872,브라질 닭정육(S/L) 판매합니다,(주)엠비케이디,https://cafe.daum.net/meetpeople/HoUW/220163,2026-07-06
구매→판매,꽃갈비,1,네셔날 동결 CAB 꽃갈비 구매합니다.,https://cafe.daum.net/meetpeople/HoTs/93870,쇼케이스 CH 동결 꽃갈비 판매합니다.,(주)미트하임 박기돈,https://cafe.daum.net/meetpeople/HoUW/220151,2026-07-06
구매→판매,알목심,0,킬코이 GF 알목심 구매합니다.,https://cafe.daum.net/meetpeople/HoTs/93868,냉장 호주산 와규 알목심(윗등심) 판매합니다,미트대명사 안병관,https://cafe.daum.net/meetpeople/HoUW/220560,2026-07-06
구매→판매,알목심,0,킬코이 GF 알목심 구매합니다.,https://cafe.daum.net/meetpeople/HoTs/93868,AFG 알목심 CH 미산 판매합니다,삼촌,https://cafe.daum.net/meetpeople/HoUW/220538,2026-07-06
구매→판매,알목심,0,킬코이 GF 알목심 구매합니다.,https://cafe.daum.net/meetpeople/HoTs/93868,미국산 엔비 프라임 알목심 판매합니다!,김영재,https://cafe.daum.net/meetpeople/HoUW/220520,2026-07-06
구매→판매,알목심,0,킬코이 GF 알목심 구매합니다.,https://cafe.daum.net/meetpeople/HoTs/93868,[냉장] ibp pr 알목심 판매합니다.,김기홍,https://cafe.daum.net/meetpeople/HoUW/220442,2026-07-06
구매→판매,알목심,0,킬코이 GF 알목심 구매합니다.,https://cafe.daum.net/meetpeople/HoTs/93868,캐나다 알목심 판매합니다,럭키,https://cafe.daum.net/meetpeople/HoUW/220393,2026-07-06
구매→판매,사태,0,킬코이 GF 사태 구매합니다.,https://cafe.daum.net/meetpeople/HoTs/93866,콤팍소 미사태 판매합니다,승리선택,https://cafe.daum.net/meetpeople/HoUW/220506,2026-07-06
구매→판매,사태,0,킬코이 GF 사태 구매합니다.,https://cafe.daum.net/meetpeople/HoTs/93866,콤팍소 미사태 판매합니다,승리선택,https://cafe.daum.net/meetpeople/HoUW/220397,2026-07-06
판매→구매,갈비,0,acc 239 yggf 갈비 저렴하게 판매합니다,https://cafe.daum.net/meetpeople/HoUW/220687,IBP 278 CAB 갈비 구매합니다,아이프레시,https://cafe.daum.net/meetpeople/HoTs/93882,2026-07-06
판매→구매,갈비,0,acc 239 yggf 갈비 저렴하게 판매합니다,https://cafe.daum.net/meetpeople/HoUW/220687,미국산 아이비피 245E CH 갈비 구매합니다.,제이알미트 김효영,https://cafe.daum.net/meetpeople/HoTs/93874,2026-07-06
판매→구매,사태,0,콤팍소 미사태 판매합니다,https://cafe.daum.net/meetpeople/HoUW/220679,킬코이 GF 사태 구매합니다.,미트홈이성은,https://cafe.daum.net/meetpeople/HoTs/93866,2026-07-06
구매→판매,닭정육,2,씨에라 브라질 닭정육 판매 합니다,https://cafe.daum.net/meetpeople/HoTs/93892,브라질 닭정육(S/L) 판매합니다,(주)엠비케이디,https://cafe.daum.net/meetpeople/HoUW/220163,2026-07-06
구매→판매,늑간,1,미국산 브랜드무관 냉동 UN 늑간 구매합니다.,https://cafe.daum.net/meetpeople/HoTs/93890,IBP 냉동늑간 판매합니다.,(주)제이팜컴퍼니,https://cafe.daum.net/meetpeople/HoUW/220232,2026-07-06
구매→판매,늑간,1,미국산 브랜드무관 냉동 UN 늑간 구매합니다.,https://cafe.daum.net/meetpeople/HoTs/93890,"IBP CH,UN 냉동늑간 판매합니다.",(주)제이팜컴퍼니,https://cafe.daum.net/meetpeople/HoUW/220009,2026-07-06
구매→판매,늑간,1,미국산 브랜드무관 냉동 UN 늑간 구매합니다.,https://cafe.daum.net/meetpeople/HoTs/93890,IBP CH냉동늑간 판매합니다.,(주)제이팜컴퍼니,https://cafe.daum.net/meetpeople/HoUW/219737,2026-07-06
구매→판매,늑간,1,미국산 브랜드무관 냉동 UN 늑간 구매합니다.,https://cafe.daum.net/meetpeople/HoTs/93890,IBP CH냉동늑간 판매합니다.,(주)제이팜컴퍼니,https://cafe.daum.net/meetpeople/HoUW/219650,2026-07-06
구매→판매,늑간,1,미국산 브랜드무관 냉동 UN 늑간 구매합니다.,https://cafe.daum.net/meetpeople/HoTs/93890,IBP CH냉동늑간 판매합니다.,(주)제이팜컴퍼니,https://cafe.daum.net/meetpeople/HoUW/219566,2026-07-06
구매→판매,전지,0,수입 벌크전지 구매합니다 (원산지무 브랜드무),https://cafe.daum.net/meetpeople/HoTs/93883,애니맥스 전지(폴란드산) 판매합니다,에스엠미트,https://cafe.daum.net/meetpeople/HoUW/220610,2026-07-06
구매→판매,전지,0,수입 벌크전지 구매합니다 (원산지무 브랜드무),https://cafe.daum.net/meetpeople/HoTs/93883,PINI 헝가리 4D 진공전지 판매합니다,승리선택,https://cafe.daum.net/meetpeople/HoUW/220608,2026-07-06
구매→판매,전지,0,수입 벌크전지 구매합니다 (원산지무 브랜드무),https://cafe.daum.net/meetpeople/HoTs/93883,리테라미트 진공전지 판매합니다,(주)레이푸드트레이딩 고주현,https://cafe.daum.net/meetpeople/HoUW/220586,2026-07-06
구매→판매,전지,0,수입 벌크전지 구매합니다 (원산지무 브랜드무),https://cafe.daum.net/meetpeople/HoTs/93883,칠레산 코엑스카 전지 및 전품목 판매합니다!!,(주)카니발푸드_홍경남,https://cafe.daum.net/meetpeople/HoUW/220551,2026-07-06
구매→판매,전지,0,수입 벌크전지 구매합니다 (원산지무 브랜드무),https://cafe.daum.net/meetpeople/HoTs/93883,칠레 전지 판매 합니다,히어로,https://cafe.daum.net/meetpeople/HoUW/220452,2026-07-06
구매→판매,차돌양지,2,호주산 차돌양지 1.1톤 구합니다. (브랜드 무관),https://cafe.daum.net/meetpeople/HoTs/93881,호주산 KILCOY(킬코이) GF 차돌양지 판매합니다,김유군,https://cafe.daum.net/meetpeople/HoUW/220091,2026-07-06
구매→판매,차돌양지,0,호주산 차돌양지 1.1톤 구합니다. (브랜드 무관),https://cafe.daum.net/meetpeople/HoTs/93881,놀란 차돌양지 판매합니다.,sweetyis,https://cafe.daum.net/meetpeople/HoUW/220617,2026-07-06
구매→판매,차돌양지,0,호주산 차돌양지 1.1톤 구합니다. (브랜드 무관),https://cafe.daum.net/meetpeople/HoTs/93881,차돌양지( ACC/GF) 판매합니다,럭키,https://cafe.daum.net/meetpeople/HoUW/220502,2026-07-06
구매→판매,차돌양지,0,호주산 차돌양지 1.1톤 구합니다. (브랜드 무관),https://cafe.daum.net/meetpeople/HoTs/93881,amh 차돌양지 s 판매합니다.,오니,https://cafe.daum.net/meetpeople/HoUW/220494,2026-07-06
구매→판매,차돌양지,0,호주산 차돌양지 1.1톤 구합니다. (브랜드 무관),https://cafe.daum.net/meetpeople/HoTs/93881,오키 차돌양지 팝니다,김동구,https://cafe.daum.net/meetpeople/HoUW/220290,2026-07-06
구매→판매,차돌양지,0,TEYS S 차돌양지 구매합니다,https://cafe.daum.net/meetpeople/HoTs/93879,놀란 차돌양지 판매합니다.,sweetyis,https://cafe.daum.net/meetpeople/HoUW/220617,2026-07-06
구매→판매,차돌양지,0,TEYS S 차돌양지 구매합니다,https://cafe.daum.net/meetpeople/HoTs/93879,차돌양지( ACC/GF) 판매합니다,럭키,https://cafe.daum.net/meetpeople/HoUW/220502,2026-07-06
구매→판매,차돌양지,0,TEYS S 차돌양지 구매합니다,https://cafe.daum.net/meetpeople/HoTs/93879,amh 차돌양지 s 판매합니다.,오니,https://cafe.daum.net/meetpeople/HoUW/220494,2026-07-06
구매→판매,차돌양지,0,TEYS S 차돌양지 구매합니다,https://cafe.daum.net/meetpeople/HoTs/93879,오키 차돌양지 팝니다,김동구,https://cafe.daum.net/meetpeople/HoUW/220290,2026-07-06
구매→판매,차돌양지,0,TEYS S 차돌양지 구매합니다,https://cafe.daum.net/meetpeople/HoTs/93879,미드필드 차돌양지s 판매합니다,왕춘삼,https://cafe.daum.net/meetpeople/HoUW/220187,2026-07-06
구매→판매,갈비,3,엑셀 86r ch 갈비 구매합니다,https://cafe.daum.net/meetpeople/HoTs/93875,엑셀 LA CH 갈비 판매합니다.,박봉식이,https://cafe.daum.net/meetpeople/HoUW/219888,2026-07-06
구매→판매,갈비,3,엑셀 86r ch 갈비 구매합니다,https://cafe.daum.net/meetpeople/HoTs/93875,엑셀 갈비(TCH) 판매 합니다.~~^^,하이미트(주),https://cafe.daum.net/meetpeople/HoUW/219434,2026-07-06
구매→판매,갈비,0,엑셀 86r ch 갈비 구매합니다,https://cafe.daum.net/meetpeople/HoTs/93875,STX UN 갈비 판매합니다,진갈비,https://cafe.daum.net/meetpeople/HoUW/220612,2026-07-06
구매→판매,갈비,0,엑셀 86r ch 갈비 구매합니다,https://cafe.daum.net/meetpeople/HoTs/93875,acc 239 yggf 갈비 판매합니다,NoName,https://cafe.daum.net/meetpeople/HoUW/220598,2026-07-06
구매→판매,갈비,0,엑셀 86r ch 갈비 구매합니다,https://cafe.daum.net/meetpeople/HoTs/93875,그리니아 B 갈비팝니다,새솔미트,https://cafe.daum.net/meetpeople/HoUW/220594,2026-07-06
구매→판매,볼라전각,0,미국산 볼라전각 구매합니다.,https://cafe.daum.net/meetpeople/HoTs/93873,AMH S 볼라전각 판매합니다.,오니,https://cafe.daum.net/meetpeople/HoUW/220080,2026-07-06
구매→판매,볼라전각,0,미국산 볼라전각 구매합니다.,https://cafe.daum.net/meetpeople/HoTs/93873,티스 S 볼라전각 판매합니다.,오니,https://cafe.daum.net/meetpeople/HoUW/219624,2026-07-06
구매→판매,볼라전각,0,미국산 볼라전각 구매합니다.,https://cafe.daum.net/meetpeople/HoTs/93873,오키gf 앵거스 볼라전각 팝니다,김동구,https://cafe.daum.net/meetpeople/HoUW/219610,2026-07-06
구매→판매,볼라전각,0,미국산 볼라전각 구매합니다.,https://cafe.daum.net/meetpeople/HoTs/93873,그리니아 ps 볼라전각 판매합니다,(주)카멜무역,https://cafe.daum.net/meetpeople/HoUW/219602,2026-07-06
구매→판매,볼라전각,0,미국산 볼라전각 구매합니다.,https://cafe.daum.net/meetpeople/HoTs/93873,그리니아 PS 볼라전각 판매합니다,(주)카멜무역,https://cafe.daum.net/meetpeople/HoUW/219396,2026-07-06
구매→판매,갈비,3,엑셀 86r /86e 프라임 갈비 구매 합니다,https://cafe.daum.net/meetpeople/HoTs/93871,엑셀 LA CH 갈비 판매합니다.,박봉식이,https://cafe.daum.net/meetpeople/HoUW/219888,2026-07-06
구매→판매,갈비,3,엑셀 86r /86e 프라임 갈비 구매 합니다,https://cafe.daum.net/meetpeople/HoTs/93871,엑셀 갈비(TCH) 판매 합니다.~~^^,하이미트(주),https://cafe.daum.net/meetpeople/HoUW/219434,2026-07-06
구매→판매,갈비,0,엑셀 86r /86e 프라임 갈비 구매 합니다,https://cafe.daum.net/meetpeople/HoTs/93871,STX UN 갈비 판매합니다,진갈비,https://cafe.daum.net/meetpeople/HoUW/220612,2026-07-06
구매→판매,갈비,0,엑셀 86r /86e 프라임 갈비 구매 합니다,https://cafe.daum.net/meetpeople/HoTs/93871,acc 239 yggf 갈비 판매합니다,NoName,https://cafe.daum.net/meetpeople/HoUW/220598,2026-07-06
구매→판매,갈비,0,엑셀 86r /86e 프라임 갈비 구매 합니다,https://cafe.daum.net/meetpeople/HoTs/93871,그리니아 B 갈비팝니다,새솔미트,https://cafe.daum.net/meetpeople/HoUW/220594,2026-07-06
판매→구매,갈비,0,스위프트 초이스 갈비 판매 합니다.,https://cafe.daum.net/meetpeople/HoUW/220695,IBP 278 CAB 갈비 구매합니다,아이프레시,https://cafe.daum.net/meetpeople/HoTs/93882,2026-07-06
판매→구매,갈비,0,뉴질랜드 PS 갈비 정리합니다,https://cafe.daum.net/meetpeople/HoUW/220682,IBP 278 CAB 갈비 구매합니다,아이프레시,https://cafe.daum.net/meetpeople/HoTs/93882,2026-07-06
판매→구매,갈비,0,뉴질랜드 PS 갈비 정리합니다,https://cafe.daum.net/meetpeople/HoUW/220682,엑셀 86r ch 갈비 구매합니다,NoName,https://cafe.daum.net/meetpeople/HoTs/93875,2026-07-07
판매→구매,갈비,0,뉴질랜드 PS 갈비 정리합니다,https://cafe.daum.net/meetpeople/HoUW/220682,엑셀 86r /86e 프라임 갈비 구매 합니다,가빠,https://cafe.daum.net/meetpeople/HoTs/93871,2026-07-07
판매→구매,목심,0,목심 ECT*A* 판매합니다,https://cafe.daum.net/meetpeople/HoUW/220678,미국산 아이비피 목심 구매합니다.,제이알미트 김효영,https://cafe.daum.net/meetpeople/HoTs/93886,2026-07-06
판매→구매,닭정육,2,씨에라 닭정육 브라질 판매합니다 ~,https://cafe.daum.net/meetpeople/HoUW/220697,씨에라 브라질 닭정육 판매 합니다,보보,https://cafe.daum.net/meetpeople/HoTs/93892,2026-07-07
판매→구매,닭정육,0,씨에라 닭정육 브라질 판매합니다 ~,https://cafe.daum.net/meetpeople/HoUW/220697,페르디가오 닭정육 구매합니다,박봉식이,https://cafe.daum.net/meetpeople/HoTs/93872,2026-07-06
구매→판매,돈등심,2,스페인 돈등심 구매합니다,https://cafe.daum.net/meetpeople/HoTs/93893,스페인 돈등심 판매합니다.(쥬이아&프리셀바) ◈ ◈ ◈ ◈ ◈,큐미트,https://cafe.daum.net/meetpeople/HoUW/220099,2026-07-06
구매→판매,돈등심,2,스페인 돈등심 구매합니다,https://cafe.daum.net/meetpeople/HoTs/93893,스페인산 리테라 돈등심 판매합니다.,레인보우미트,https://cafe.daum.net/meetpeople/HoUW/220049,2026-07-06
구매→판매,돈등심,2,스페인 돈등심 구매합니다,https://cafe.daum.net/meetpeople/HoTs/93893,스페인 마프리제스 돈등심 판매합니다~!,뇽뇽,https://cafe.daum.net/meetpeople/HoUW/219703,2026-07-06
구매→판매,돈등심,2,스페인 돈등심 구매합니다,https://cafe.daum.net/meetpeople/HoTs/93893,파텔(스페인) 돈등심 5P 판매합니다.,마장동 김수빈,https://cafe.daum.net/meetpeople/HoUW/219266,2026-07-06
구매→판매,돈등심,0,스페인 돈등심 구매합니다,https://cafe.daum.net/meetpeople/HoTs/93893,잉카롭사 돈등심 판매합니다,용푸드 조봉구,https://cafe.daum.net/meetpeople/HoUW/220561,2026-07-06
구매→판매,갈비,3,"엑셀 86M,86R SE 갈비 구매합니다.",https://cafe.daum.net/meetpeople/HoTs/93894,엑셀 LA CH 갈비 판매합니다.,박봉식이,https://cafe.daum.net/meetpeople/HoUW/219888,2026-07-06
구매→판매,갈비,3,"엑셀 86M,86R SE 갈비 구매합니다.",https://cafe.daum.net/meetpeople/HoTs/93894,엑셀 갈비(TCH) 판매 합니다.~~^^,하이미트(주),https://cafe.daum.net/meetpeople/HoUW/219434,2026-07-06
구매→판매,갈비,0,"엑셀 86M,86R SE 갈비 구매합니다.",https://cafe.daum.net/meetpeople/HoTs/93894,STX UN 갈비 판매합니다,진갈비,https://cafe.daum.net/meetpeople/HoUW/220612,2026-07-06
구매→판매,갈비,0,"엑셀 86M,86R SE 갈비 구매합니다.",https://cafe.daum.net/meetpeople/HoTs/93894,acc 239 yggf 갈비 판매합니다,NoName,https://cafe.daum.net/meetpeople/HoUW/220598,2026-07-06
구매→판매,갈비,0,"엑셀 86M,86R SE 갈비 구매합니다.",https://cafe.daum.net/meetpeople/HoTs/93894,그리니아 B 갈비팝니다,새솔미트,https://cafe.daum.net/meetpeople/HoUW/220594,2026-07-06
구매→판매,목살,2,스페인 진공 목살 구합니다.(구매완료),https://cafe.daum.net/meetpeople/HoTs/93891,스페인 이베리코 롱목살 판매 합니다.,노닉넴,https://cafe.daum.net/meetpeople/HoUW/220621,2026-07-06
구매→판매,목살,2,스페인 진공 목살 구합니다.(구매완료),https://cafe.daum.net/meetpeople/HoTs/93891,"저렴한 목살 판매합니다,스페인",장구지계,https://cafe.daum.net/meetpeople/HoUW/220409,2026-07-06
구매→판매,목살,2,스페인 진공 목살 구합니다.(구매완료),https://cafe.daum.net/meetpeople/HoTs/93891,"목살 저렴하게 판매합니다,스페인",장구지계,https://cafe.daum.net/meetpeople/HoUW/219457,2026-07-06
구매→판매,목살,2,스페인 진공 목살 구합니다.(구매완료),https://cafe.daum.net/meetpeople/HoTs/93891,"저렴한 목살 판매합니다,스페인",장구지계,https://cafe.daum.net/meetpeople/HoUW/220698,2026-07-07
구매→판매,목살,0,스페인 진공 목살 구합니다.(구매완료),https://cafe.daum.net/meetpeople/HoTs/93891,코네스토카 진공목살 팝니다.,권혁만,https://cafe.daum.net/meetpeople/HoUW/220557,2026-07-06
구매→판매,삼겹양지,0,EX 삼겹양지 구매 합니다,https://cafe.daum.net/meetpeople/HoTs/93889,삼겹양지 스위프트 판매중입니다,우크라이나미녀,https://cafe.daum.net/meetpeople/HoUW/220569,2026-07-06
구매→판매,삼겹양지,0,EX 삼겹양지 구매 합니다,https://cafe.daum.net/meetpeople/HoTs/93889,IBP 245J 삼겹양지 판매합니다.,탁운호,https://cafe.daum.net/meetpeople/HoUW/220378,2026-07-06
구매→판매,삼겹양지,0,EX 삼겹양지 구매 합니다,https://cafe.daum.net/meetpeople/HoTs/93889,AMH GF 170/235 진공 삼겹양지 판매합니다.,팜플러스,https://cafe.daum.net/meetpeople/HoUW/220348,2026-07-06
구매→판매,삼겹양지,0,EX 삼겹양지 구매 합니다,https://cafe.daum.net/meetpeople/HoTs/93889,(미산) NB 삼겹양지 판매중입니다.,수입쇠고기,https://cafe.daum.net/meetpeople/HoUW/220266,2026-07-06
구매→판매,삼겹양지,0,EX 삼겹양지 구매 합니다,https://cafe.daum.net/meetpeople/HoTs/93889,스위프트 3d 삼겹양지 판매합니다.,다토끼라,https://cafe.daum.net/meetpeople/HoUW/220221,2026-07-06
구매→판매,목심,0,미국산 아이비피 목심 구매합니다.,https://cafe.daum.net/meetpeople/HoTs/93886,목심 ECT*A*판매합니다,로드박상균,https://cafe.daum.net/meetpeople/HoUW/220581,2026-07-06
구매→판매,목심,0,미국산 아이비피 목심 구매합니다.,https://cafe.daum.net/meetpeople/HoTs/93886,AMH S 목심 저렴하게 판매합니다.,오니,https://cafe.daum.net/meetpeople/HoUW/220571,2026-07-06
구매→판매,목심,0,미국산 아이비피 목심 구매합니다.,https://cafe.daum.net/meetpeople/HoTs/93886,목심 ECT*A*판매합니다,로드박상균,https://cafe.daum.net/meetpeople/HoUW/220497,2026-07-06
구매→판매,목심,0,미국산 아이비피 목심 구매합니다.,https://cafe.daum.net/meetpeople/HoTs/93886,목심 ECT*A*판매합니다,로드박상균,https://cafe.daum.net/meetpeople/HoUW/220398,2026-07-06
구매→판매,목심,0,미국산 아이비피 목심 구매합니다.,https://cafe.daum.net/meetpeople/HoTs/93886,amg a 목심 저렴하게 판매합니다.,오니,https://cafe.daum.net/meetpeople/HoUW/220321,2026-07-06
구매→판매,갈비,0,IBP 278 CAB 갈비 구매합니다,https://cafe.daum.net/meetpeople/HoTs/93882,STX UN 갈비 판매합니다,진갈비,https://cafe.daum.net/meetpeople/HoUW/220612,2026-07-06
구매→판매,갈비,0,IBP 278 CAB 갈비 구매합니다,https://cafe.daum.net/meetpeople/HoTs/93882,acc 239 yggf 갈비 판매합니다,NoName,https://cafe.daum.net/meetpeople/HoUW/220598,2026-07-06
구매→판매,갈비,0,IBP 278 CAB 갈비 구매합니다,https://cafe.daum.net/meetpeople/HoTs/93882,그리니아 B 갈비팝니다,새솔미트,https://cafe.daum.net/meetpeople/HoUW/220594,2026-07-06
구매→판매,갈비,0,IBP 278 CAB 갈비 구매합니다,https://cafe.daum.net/meetpeople/HoTs/93882,스위프트 초이스 갈비 판매 합니다.,健康翰 大韓民國 畜産物 企業 　,https://cafe.daum.net/meetpeople/HoUW/220583,2026-07-06
구매→판매,갈비,0,IBP 278 CAB 갈비 구매합니다,https://cafe.daum.net/meetpeople/HoTs/93882,그리니아 PS 갈비팝니다,새솔미트,https://cafe.daum.net/meetpeople/HoUW/220509,2026-07-06
구매→판매,삼겹양지,5,미국산 엑셀 삼겹양지 구합니다.(구매완료),https://cafe.daum.net/meetpeople/HoTs/93878,미국산 엑셀 삼겹양지 판매합니다.,MK선종,https://cafe.daum.net/meetpeople/HoUW/219470,2026-07-06
구매→판매,삼겹양지,3,미국산 엑셀 삼겹양지 구합니다.(구매완료),https://cafe.daum.net/meetpeople/HoTs/93878,엑셀 삼겹양지 팝니다,미코상사,https://cafe.daum.net/meetpeople/HoUW/219450,2026-07-06
구매→판매,삼겹양지,0,미국산 엑셀 삼겹양지 구합니다.(구매완료),https://cafe.daum.net/meetpeople/HoTs/93878,IBP 245J 삼겹양지 판매합니다.,탁운호,https://cafe.daum.net/meetpeople/HoUW/220378,2026-07-06
구매→판매,삼겹양지,0,미국산 엑셀 삼겹양지 구합니다.(구매완료),https://cafe.daum.net/meetpeople/HoTs/93878,AMH GF 170/235 진공 삼겹양지 판매합니다.,팜플러스,https://cafe.daum.net/meetpeople/HoUW/220348,2026-07-06
구매→판매,삼겹양지,0,미국산 엑셀 삼겹양지 구합니다.(구매완료),https://cafe.daum.net/meetpeople/HoTs/93878,(미산) NB 삼겹양지 판매중입니다.,수입쇠고기,https://cafe.daum.net/meetpeople/HoUW/220266,2026-07-06
구매→판매,갈비,3,미국산 아이비피 245E CH 갈비 구매합니다.,https://cafe.daum.net/meetpeople/HoTs/93874,IBP 245E CAB 갈비 판매합니다,LSTC 구기모,https://cafe.daum.net/meetpeople/HoUW/220483,2026-07-06
구매→판매,갈비,3,미국산 아이비피 245E CH 갈비 구매합니다.,https://cafe.daum.net/meetpeople/HoTs/93874,IBP 245E CAB 갈비 팝니다.,김승용,https://cafe.daum.net/meetpeople/HoUW/219938,2026-07-06
구매→판매,갈비,2,미국산 아이비피 245E CH 갈비 구매합니다.,https://cafe.daum.net/meetpeople/HoTs/93874,국내산 한우 냉동 갈비 판매합니다,kty271,https://cafe.daum.net/meetpeople/HoUW/220451,2026-07-06
구매→판매,갈비,2,미국산 아이비피 245E CH 갈비 구매합니다.,https://cafe.daum.net/meetpeople/HoTs/93874,국내산 한우 냉동 갈비 판매합니다,kty271,https://cafe.daum.net/meetpeople/HoUW/220189,2026-07-06
구매→판매,갈비,2,미국산 아이비피 245E CH 갈비 구매합니다.,https://cafe.daum.net/meetpeople/HoTs/93874,냉장 미국산 갈비 판매합니다.,대동호야,https://cafe.daum.net/meetpeople/HoUW/219896,2026-07-06
구매→판매,닭정육,0,페르디가오 닭정육 구매합니다,https://cafe.daum.net/meetpeople/HoTs/93872,브라질 닭정육(S/L) 판매합니다,(주)엠비케이디,https://cafe.daum.net/meetpeople/HoUW/220163,2026-07-06
구매→판매,닭정육,0,페르디가오 닭정육 구매합니다,https://cafe.daum.net/meetpeople/HoTs/93872,씨에라 닭정육 브라질 판매합니다 ~,보보,https://cafe.daum.net/meetpeople/HoUW/220697,2026-07-07
판매→구매,닭정육,2,브라질 닭정육(S/L) 오로라 판매합니다,https://cafe.daum.net/meetpeople/HoUW/220705,씨에라 브라질 닭정육 판매 합니다,보보,https://cafe.daum.net/meetpeople/HoTs/93892,2026-07-07
판매→구매,닭정육,0,브라질 닭정육(S/L) 오로라 판매합니다,https://cafe.daum.net/meetpeople/HoUW/220705,페르디가오 닭정육 구매합니다,박봉식이,https://cafe.daum.net/meetpeople/HoTs/93872,2026-07-06
구매→판매,목전지,3,스미스필드 목전지 구합니다.,https://cafe.daum.net/meetpeople/HoTs/93896,스미스필드 목전지 판매합니다,두산화이링!!,https://cafe.daum.net/meetpeople/HoUW/220601,2026-07-06
구매→판매,목전지,3,스미스필드 목전지 구합니다.,https://cafe.daum.net/meetpeople/HoTs/93896,스미스필드 목전지 판매합니다.,김태양,https://cafe.daum.net/meetpeople/HoUW/220487,2026-07-06
구매→판매,목전지,3,스미스필드 목전지 구합니다.,https://cafe.daum.net/meetpeople/HoTs/93896,스미스필드 목전지 판매합니다(18079) ◈ ◈ ◈ ◈ ◈,큐미트,https://cafe.daum.net/meetpeople/HoUW/220486,2026-07-06
구매→판매,목전지,3,스미스필드 목전지 구합니다.,https://cafe.daum.net/meetpeople/HoTs/93896,스미스필드 18079 목전지 판매합니다.,산들99,https://cafe.daum.net/meetpeople/HoUW/220444,2026-07-06
구매→판매,목전지,3,스미스필드 목전지 구합니다.,https://cafe.daum.net/meetpeople/HoTs/93896,미국산 스미스필드 320M 목전지 판매합니다!!,(주)카니발푸드_홍경남,https://cafe.daum.net/meetpeople/HoUW/220428,2026-07-06
구매→판매,뼈삼겹,2,칠레산 뼈삼겹 구매합니다.,https://cafe.daum.net/meetpeople/HoTs/93897,팜플로나 뼈삼겹 판매합니다.(칠레산 대체 가능),(주)더상상 배지운,https://cafe.daum.net/meetpeople/HoUW/219781,2026-07-06
구매→판매,뼈삼겹,0,칠레산 뼈삼겹 구매합니다.,https://cafe.daum.net/meetpeople/HoTs/93897,뼈삼겹 판매합니다~!,부민 사나이,https://cafe.daum.net/meetpeople/HoUW/220155,2026-07-06
구매→판매,뼈삼겹,0,칠레산 뼈삼겹 구매합니다.,https://cafe.daum.net/meetpeople/HoTs/93897,테니스 뼈삼겹 판매합니다,부민 사나이,https://cafe.daum.net/meetpeople/HoUW/219429,2026-07-06
구매→판매,목전지,3,스위프트 목전지 구매합니다.,https://cafe.daum.net/meetpeople/HoTs/93895,스위프트 목전지 판매합니다,최성용,https://cafe.daum.net/meetpeople/HoUW/220577,2026-07-06
구매→판매,목전지,3,스위프트 목전지 구매합니다.,https://cafe.daum.net/meetpeople/HoTs/93895,스위프트 목전지 판매합니다!,(주)미성피앤비 한준규,https://cafe.daum.net/meetpeople/HoUW/220410,2026-07-06
구매→판매,목전지,3,스위프트 목전지 구매합니다.,https://cafe.daum.net/meetpeople/HoTs/93895,스위프트 목전지(미국) 판매합니다,(주)고기장푸드 장정호,https://cafe.daum.net/meetpeople/HoUW/220351,2026-07-06
구매→판매,목전지,3,스위프트 목전지 구매합니다.,https://cafe.daum.net/meetpeople/HoTs/93895,스위프트 목전지 판매합니다!,(주)미성피앤비 한준규,https://cafe.daum.net/meetpeople/HoUW/219895,2026-07-06
구매→판매,목전지,3,스위프트 목전지 구매합니다.,https://cafe.daum.net/meetpeople/HoTs/93895,스위프트 85b 목전지 판매합니다,미코상사,https://cafe.daum.net/meetpeople/HoUW/219585,2026-07-06
판매→구매,사태,0,놀란 사태 판매합니다.,https://cafe.daum.net/meetpeople/HoUW/220711,킬코이 GF 사태 구매합니다.,미트홈이성은,https://cafe.daum.net/meetpeople/HoTs/93866,2026-07-06
판매→구매,목전지,0,스미스 320M 목전지 판매합니다.,https://cafe.daum.net/meetpeople/HoUW/220709,스미스필드 목전지 구합니다.,김태양,https://cafe.daum.net/meetpeople/HoTs/93896,2026-07-07
판매→구매,목전지,0,스미스 320M 목전지 판매합니다.,https://cafe.daum.net/meetpeople/HoUW/220709,스위프트 목전지 구매합니다.,콩나물공장장,https://cafe.daum.net/meetpeople/HoTs/93895,2026-07-07
구매→판매,목살,0,잉카롭사 목살(진공) 구매합니다.,https://cafe.daum.net/meetpeople/HoTs/93898,스페인 이베리코 롱목살 판매 합니다.,노닉넴,https://cafe.daum.net/meetpeople/HoUW/220621,2026-07-06
구매→판매,목살,0,잉카롭사 목살(진공) 구매합니다.,https://cafe.daum.net/meetpeople/HoTs/93898,코네스토카 진공목살 팝니다.,권혁만,https://cafe.daum.net/meetpeople/HoUW/220557,2026-07-06
구매→판매,목살,0,잉카롭사 목살(진공) 구매합니다.,https://cafe.daum.net/meetpeople/HoTs/93898,"저렴한 목살 판매합니다,스페인",장구지계,https://cafe.daum.net/meetpeople/HoUW/220409,2026-07-06
구매→판매,목살,0,잉카롭사 목살(진공) 구매합니다.,https://cafe.daum.net/meetpeople/HoTs/93898,코네스토카 진공목살 팝니다.,권혁만,https://cafe.daum.net/meetpeople/HoUW/219770,2026-07-06
구매→판매,목살,0,잉카롭사 목살(진공) 구매합니다.,https://cafe.daum.net/meetpeople/HoTs/93898,"목살 저렴하게 판매합니다,스페인",장구지계,https://cafe.daum.net/meetpeople/HoUW/219457,2026-07-06
판매→구매,갈비,0,갈비 스위프트 3D CH/SE 판매중입니다,https://cafe.daum.net/meetpeople/HoUW/220713,IBP 278 CAB 갈비 구매합니다,아이프레시,https://cafe.daum.net/meetpeople/HoTs/93882,2026-07-06
구매→판매,목살,0,팜플로나 목살 구합니다,https://cafe.daum.net/meetpeople/HoTs/93899,스페인 이베리코 롱목살 판매 합니다.,노닉넴,https://cafe.daum.net/meetpeople/HoUW/220621,2026-07-06
구매→판매,목살,0,팜플로나 목살 구합니다,https://cafe.daum.net/meetpeople/HoTs/93899,코네스토카 진공목살 팝니다.,권혁만,https://cafe.daum.net/meetpeople/HoUW/220557,2026-07-06
구매→판매,목살,0,팜플로나 목살 구합니다,https://cafe.daum.net/meetpeople/HoTs/93899,"저렴한 목살 판매합니다,스페인",장구지계,https://cafe.daum.net/meetpeople/HoUW/220409,2026-07-06
구매→판매,목살,0,팜플로나 목살 구합니다,https://cafe.daum.net/meetpeople/HoTs/93899,코네스토카 진공목살 팝니다.,권혁만,https://cafe.daum.net/meetpeople/HoUW/219770,2026-07-06
구매→판매,목살,0,팜플로나 목살 구합니다,https://cafe.daum.net/meetpeople/HoTs/93899,"목살 저렴하게 판매합니다,스페인",장구지계,https://cafe.daum.net/meetpeople/HoUW/219457,2026-07-06
판매→구매,갈비,0,갈비 MIDFIELD SOUTHERN(미드필드 서든) A 판매합니다,https://cafe.daum.net/meetpeople/HoUW/220715,IBP 278 CAB 갈비 구매합니다,아이프레시,https://cafe.daum.net/meetpeople/HoTs/93882,2026-07-06
판매→구매,갈비,0,갈비 MIDFIELD SOUTHERN(미드필드 서든) A 판매합니다,https://cafe.daum.net/meetpeople/HoUW/220715,미국산 아이비피 245E CH 갈비 구매합니다.,제이알미트 김효영,https://cafe.daum.net/meetpeople/HoTs/93874,2026-07-06
판매→구매,갈비,0,갈비 MIDFIELD SOUTHERN(미드필드 서든) A 판매합니다,https://cafe.daum.net/meetpeople/HoUW/220715,엑셀 86r ch 갈비 구매합니다,NoName,https://cafe.daum.net/meetpeople/HoTs/93875,2026-07-07
판매→구매,갈비,0,갈비 MIDFIELD SOUTHERN(미드필드 서든) A 판매합니다,https://cafe.daum.net/meetpeople/HoUW/220715,엑셀 86r /86e 프라임 갈비 구매 합니다,가빠,https://cafe.daum.net/meetpeople/HoTs/93871,2026-07-07
판매→구매,갈비,0,갈비 MIDFIELD SOUTHERN(미드필드 서든) A 판매합니다,https://cafe.daum.net/meetpeople/HoUW/220715,"엑셀 86M,86R SE 갈비 구매합니다.",에이젯 송광훈,https://cafe.daum.net/meetpeople/HoTs/93894,2026-07-07
구매→판매,황제늑간,0,미국산 스위푸트 969G 황제 늑간 구매합니다,https://cafe.daum.net/meetpeople/HoTs/93900,SWIFT CH 황제늑간 판매합니다.,팜플러스,https://cafe.daum.net/meetpeople/HoUW/220625,2026-07-06
구매→판매,황제늑간,0,미국산 스위푸트 969G 황제 늑간 구매합니다,https://cafe.daum.net/meetpeople/HoTs/93900,TRUE WEST 황제늑간 판매합니다!!,정보석,https://cafe.daum.net/meetpeople/HoUW/220074,2026-07-06
구매→판매,목전지,2,캐나다 [메이플 목전지] 구매 합니다.,https://cafe.daum.net/meetpeople/HoTs/93901,[캐나다] 메이플 목전지 판매합니다.,정경의 파이프,https://cafe.daum.net/meetpeople/HoUW/220609,2026-07-06
구매→판매,목전지,2,캐나다 [메이플 목전지] 구매 합니다.,https://cafe.daum.net/meetpeople/HoTs/93901,[캐나다] 메이플 목전지 판매합니다.,정경의 파이프,https://cafe.daum.net/meetpeople/HoUW/220498,2026-07-06
구매→판매,목전지,2,캐나다 [메이플 목전지] 구매 합니다.,https://cafe.daum.net/meetpeople/HoTs/93901,[캐나다] 메이플 목전지 판매합니다.,정경의 파이프,https://cafe.daum.net/meetpeople/HoUW/220305,2026-07-06
구매→판매,목전지,2,캐나다 [메이플 목전지] 구매 합니다.,https://cafe.daum.net/meetpeople/HoTs/93901,[캐나다] 메이플 목전지 적극 판매합니다.,정경의 파이프,https://cafe.daum.net/meetpeople/HoUW/219983,2026-07-06
구매→판매,목전지,2,캐나다 [메이플 목전지] 구매 합니다.,https://cafe.daum.net/meetpeople/HoTs/93901,[캐나다] 메이플 목전지 적극 판매합니다.,정경의 파이프,https://cafe.daum.net/meetpeople/HoUW/219894,2026-07-06
구매→판매,잡육,2,돈연골잡육(국산) 구합니다,https://cafe.daum.net/meetpeople/HoTs/93904,국내산 돈잡육 판매합니다.,세원푸드시스템 황홍길(마장),https://cafe.daum.net/meetpeople/HoUW/219830,2026-07-06
구매→판매,잡육,2,돈연골잡육(국산) 구합니다,https://cafe.daum.net/meetpeople/HoTs/93904,국내산 돈잡육 판매합니다,barbar,https://cafe.daum.net/meetpeople/HoUW/219543,2026-07-06
구매→판매,잡육,2,돈연골잡육(국산) 구합니다,https://cafe.daum.net/meetpeople/HoTs/93904,국내산 돈잡육 판매합니다,최선생,https://cafe.daum.net/meetpeople/HoUW/219350,2026-07-06
구매→판매,사골,0,국산 우사골 구합니다,https://cafe.daum.net/meetpeople/HoTs/93902,오마하 사골 판매합니다,장사꾼의딸,https://cafe.daum.net/meetpeople/HoUW/220440,2026-07-06
구매→판매,사골,0,국산 우사골 구합니다,https://cafe.daum.net/meetpeople/HoTs/93902,EXCEL 사골 판매합니다,AZ독산 김남학,https://cafe.daum.net/meetpeople/HoUW/220394,2026-07-06
구매→판매,사골,0,국산 우사골 구합니다,https://cafe.daum.net/meetpeople/HoTs/93902,놀란 beef 절단사골,(주)어흥 이재명,https://cafe.daum.net/meetpeople/HoUW/220036,2026-07-06
구매→판매,사골,0,국산 우사골 구합니다,https://cafe.daum.net/meetpeople/HoTs/93902,*오마하 사골 판매합니다 *,(주)우성 김낙현,https://cafe.daum.net/meetpeople/HoUW/219854,2026-07-06
구매→판매,사골,0,국산 우사골 구합니다,https://cafe.daum.net/meetpeople/HoTs/93902,놀란 beef 절단사골(혼합 X),(주)어흥 이재명,https://cafe.daum.net/meetpeople/HoUW/219838,2026-07-06
