품목,등급,EST,평균중량,창고/유통기한,비고,단가,날짜,업체,브랜드,원산지,창고
갈비,CH,86R/M,,,,14200,2026/01/19,TMS,강남/2,,
목뼈,,,,,,2100,2026/01/19,독보팜스,고원돈,국산,아이린
목뼈,,,,,,2100,2026/01/19,독보팜스,고원돈,국산,아이린
삼겹살,,,,,,9500,2026/01/19,독보팜스,고원돈,국산,오로라
암퇘지삼겹,,,,,,9100,2026/01/19,독보팜스,고원돈,국산,오로라
미박삼겹,,,,,진공,7100,2026-01-21,,곰박스,네덜란드,동탄한라
미박삼겹,,22.5,,,,9000,2026/01/19,우진미트,그로스퍼트너,오스트리아,
삼겹살,,19,,,,9400,2026/01/19,우진미트,그로스퍼트너,오스트리아,
양깃머리,,12.1,,,,14500,2026/01/19,우진미트,그리니아,뉴질랜드,
갈비,A,24.8,,,,11000,2026/01/19,우진미트,그린마운틴(HALAL),호주,
늑간,YG,16.9,,,,17000,2026/01/19,우진미트,그린마운틴(HALAL),호주,
대동맥,,,,,,8000,2026/01/19,우진미트,그린마운틴(HALAL),호주,
목뼈,,,,,,28000,2026/01/19,우진미트,그린마운틴(HALAL),호주,
볼살,,13.6,,,,9500,2026/01/19,우진미트,그린마운틴(HALAL),호주,
사태,S,22,,,,11500,2026/01/19,우진미트,그린마운틴(HALAL),호주,
사태,A,18.6,,,,11000,2026/01/19,우진미트,그린마운틴(HALAL),호주,
안심,A,,,,,29500,2026/01/19,우진미트,그린마운틴(HALAL),호주,
우둔,YG,20,,,,15000,2026/01/19,우진미트,그린마운틴(HALAL),호주,
우둔,A,19.5,,,,14800,2026/01/19,우진미트,그린마운틴(HALAL),호주,
차돌양지,YG,19.8,,,,12500,2026/01/19,우진미트,그린마운틴(HALAL),호주,
차돌양지,A,19.8,,,,12000,2026/01/19,우진미트,그린마운틴(HALAL),호주,
척갈비,S,24.5,,,,11200,2026/01/19,우진미트,그린마운틴(HALAL),호주,
척갈비,A,24.1,,,,10800,2026/01/19,우진미트,그린마운틴(HALAL),호주,
척늑간,YG,16.9,,,,16500,2026/01/19,우진미트,그린마운틴(HALAL),호주,
포쿼터,85CL,27.2,,,,10300,2026/01/19,우진미트,그린마운틴(HALAL),호주,
학스지,,13,,,,6000,2026/01/19,우진미트,그린마운틴(HALAL),호주,
홍두깨,YG,20.4,,,,15500,2026/01/19,우진미트,그린마운틴(HALAL),호주,
갈비,YP,,,,,18000,2026/01/19,우진미트,그린스톡(올웰스),호주,
늑간,YP,,,,,17500,2026/01/19,우진미트,그린스톡(올웰스),호주,
등갈비,S,22.9,,,,11200,2026/01/19,우진미트,그린스톡(올웰스),호주,
등갈비,S,22.3,,,,11000,2026/01/19,우진미트,그린스톡(올웰스),호주,
목뼈,S,,,,,28000,2026/01/19,우진미트,그린스톡(올웰스),호주,
목심,YP,18.6,,,,14700,2026/01/19,우진미트,그린스톡(올웰스),호주,
목심,YP,16.8,,,,14500,2026/01/19,우진미트,그린스톡(올웰스),호주,
볼라전각,YP,15.9,,,,13800,2026/01/19,우진미트,그린스톡(올웰스),호주,
차돌양지,YP,,,,,12800,2026/01/19,우진미트,그린스톡(올웰스),호주,
척갈비,YP,,,,,12600,2026/01/19,우진미트,그린스톡(올웰스),호주,
홍두깨,YP,22.8,,,,15500,2026/01/19,우진미트,그린스톡(올웰스),호주,
깐양,beef,,,,개별,3400,2026-01-21,,그린햄,호주,
목심,A/S,,,,진공,14000/14500,2026-01-21,,그린햄,호주,아주기흥
차돌양지,A/S,,,,진공,11800/12300,2026-01-21,,그린햄,호주,동탄한라
잡육,50CL,,,,,6500,2026/01/19,우진미트,놀란,호주,
갈비,PS,#131(랜드미트),,5Ribs 개별포장,,16500,2026/01/20,,뉴질랜드/AFFCO,,
갈비,Bull,#23 #32 #47,,5Ribs 개별포장,,15800,2026/01/20,,뉴질랜드/AFFCO,,
목심,PS,#32,,진공포장,,14400,2026/01/20,,뉴질랜드/AFFCO,,
양깃머리,Beef,#23 #32 #47,900g UP,,협의,협의,2026/01/20,,뉴질랜드/AFFCO,,
목심,PS,#18 #21 #136,,진공포장,,14400,2026/01/20,,뉴질랜드/Alliance,,
백립,PS+Bull,#18 #21 #136,,다중포장,,9200,2026/01/20,,뉴질랜드/Alliance,,
양깃머리,700g up,#18 #21 #136,,개별포장,협의,협의,2026/01/20,,뉴질랜드/Alliance,,
양깃머리,5~700g,#18 #21 #136,,개별포장,협의,협의,2026/01/20,,뉴질랜드/Alliance,,
양깃머리,3~500g,#18 #21 #136,,개별포장,협의,협의,2026/01/20,,뉴질랜드/Alliance,,
양지,PS,#18 #21 #136,,진공포장,,12800,2026/01/20,,뉴질랜드/Alliance,,
우목뼈,Beef,#18 #21 #136,,개별포장,,2800,2026/01/20,,뉴질랜드/Alliance,,
갈비,PS,#66 #70 #78,,5Ribs 진공포장,,17000,2026/01/20,,뉴질랜드/Canterbury,,
갈비,Bull,#66 #70 #78,,5Ribs 개별포장,,15800,2026/01/20,,뉴질랜드/Canterbury,,
갈비,COW,#66 #70 #78,,5Ribs 개별포장,,10200,2026/01/20,,뉴질랜드/Canterbury,,
뒷갈비,COW,#66 #70 #78,,5Ribs 개별포장,,8300,2026/01/20,,뉴질랜드/Canterbury,,
양깃머리,700g up,#66 #70 #78,,개별포장,협의,협의,2026/01/20,,뉴질랜드/Canterbury,,
양깃머리,5~700g,#66 #70 #78,,개별포장,협의,협의,2026/01/20,,뉴질랜드/Canterbury,,
양깃머리,3~500g,#66 #70 #78,,개별포장,협의,협의,2026/01/20,,뉴질랜드/Canterbury,,
우둔,PS,#66 #70 #78,,개별포장,,12000,2026/01/20,,뉴질랜드/Canterbury,,
채끝,COW,#66 #70 #78,,개별포장(100 VL),,14000,2026/01/20,,뉴질랜드/Canterbury,,
홍두깨,PS,#66 #70 #78,,개별포장,,14000,2026/01/20,,뉴질랜드/Canterbury,,
갈비,Bull,#82 #124,,삼진1,,15800,2026/01/20,,뉴질랜드/GREENLEA,,
갈비,COW,#84,,개별포장,,10200,2026/01/20,,뉴질랜드/PPCS(실버팜스),,
백립,PS,#84,,다중포장,,9200,2026/01/20,,뉴질랜드/PPCS(실버팜스),,
볼살,Beef,#84,,벌크포장,,9900,2026/01/20,,뉴질랜드/PPCS(실버팜스),,
스페어립,PS,#84,,다중포장,,7500,2026/01/20,,뉴질랜드/PPCS(실버팜스),,
양깃머리,700g up,#84,,개별포장,,15000,2026/01/20,,뉴질랜드/PPCS(실버팜스),,
갈비,YP/S,17.5,,,,18000,2026/01/19,우진미트,다이아몬드,호주,
갈비,A,18.4,,,,12000,2026/01/19,우진미트,다이아몬드,호주,
갈비,A,23.9,,,,11600,2026/01/19,우진미트,다이아몬드,호주,
꼬리,,14.8,,,,18500,2026/01/19,우진미트,다이아몬드,호주,
늑간,A,38,,,,20000,2026/01/19,금성컴퍼니,다이아몬드,캐나다,
대동맥,,22.3,,,,8000,2026/01/19,우진미트,다이아몬드,호주,
등갈비,YP/S,19.5,,,,10000,2026/01/19,우진미트,다이아몬드,호주,
등갈비,A,23.6,,,,7200,2026/01/19,우진미트,다이아몬드,호주,
목심,YP/S,21.4,,,,14500,2026/01/19,우진미트,다이아몬드,호주,
목심,A,20.5,,,,13900,2026/01/19,우진미트,다이아몬드,호주,
볼살,,27,,,,9200,2026/01/19,우진미트,다이아몬드,호주,
사태,YP,21.9,,,,11500,2026/01/19,우진미트,다이아몬드,호주,
삼겹양지,YP/S,21.4,,,,8600,2026/01/19,우진미트,다이아몬드,호주,
설깃,YP/S,21.4,,,,12500,2026/01/19,우진미트,다이아몬드,호주,
설도,S,22.8,,,,13300,2026/01/19,우진미트,다이아몬드,호주,
설도,A,21.5,,,,13000,2026/01/19,우진미트,다이아몬드,호주,
스페어립,YP/S,20.2,,,,8000,2026/01/19,우진미트,다이아몬드,호주,
스페어립,A,26,,,,6000,2026/01/19,우진미트,다이아몬드,호주,
안심,A,20.1,,,,30000,2026/01/19,우진미트,다이아몬드,호주,
안심,A,,,,,29500,2026/01/19,우진미트,다이아몬드,호주,
양깃머리,,14.2,,,,10000,2026/01/19,우진미트,다이아몬드,호주,
양깃머리,,16.7,,,,13000,2026/01/19,우진미트,다이아몬드,호주,
양깃머리,,17.9,,,,15000,2026/01/19,우진미트,다이아몬드,호주,
우둔,S,23.2,,,,15000,2026/01/19,우진미트,다이아몬드,호주,
우둔,A,21.4,,,,14800,2026/01/19,우진미트,다이아몬드,호주,
전각,YP/S,19.5,,,,12200,2026/01/19,우진미트,다이아몬드,호주,
전각,A,17.9,,,,12000,2026/01/19,우진미트,다이아몬드,호주,
조각스페어립,A,23.3,,,,45000,2026/01/19,우진미트,다이아몬드,호주,
차돌양지,YP/S,17,,,,12600,2026/01/19,우진미트,다이아몬드,호주,
차돌양지,A,17,,,,12000,2026/01/19,우진미트,다이아몬드,호주,
척갈비,YP/S,16,,,,12400,2026/01/19,우진미트,다이아몬드,호주,
척갈비,A,18.9,,,,11200,2026/01/19,우진미트,다이아몬드,호주,
홍두깨,YP/S,24.7,,,,15500,2026/01/19,우진미트,다이아몬드,호주,
홍두깨,A,21.6,,,,15300,2026/01/19,우진미트,다이아몬드,호주,
황제늑간,,,,,,16000,2026/01/19,금성컴퍼니,다이아몬드,캐나다,
갈비,,16.5,,,,14000,2026/01/19,우진미트,대니쉬크라운,덴마크,
우신,,22.5,,,,15000,2026/01/19,우진미트,대니쉬크라운,덴마크,
갈비,CH,86R,,,,14200,2026/01/19,TMS,대재,,
갈비,,12.7,,,,14500,2026/01/19,우진미트,던미트(아일랜드),아일랜드,
삼겹양지,,21.7,,,,8500,2026/01/19,우진미트,던미트(아일랜드),아일랜드,
척갈비,,13.5,,,,14000,2026/01/19,우진미트,던미트(아일랜드),아일랜드,
학스지,,20.1,,,,6000,2026/01/19,우진미트,던미트(아일랜드),아일랜드,
돈갈비,,,,,,5400,2026/01/19,금성컴퍼니,델라비,,
미니족,,,,,,2600,2026/01/19,금성컴퍼니,델라비,,
삼겹살,,,,,,8600,2026/01/19,금성컴퍼니,델라비,,
백립,,,,,살밥우수,11400,2026-01-21,,뎀코타,미국,아주기흥
홍창,,,,,스페쿠수,7000,2026-01-21,,뎀코타,미국,
삼겹살,,688,14.75,삼진2,,8900,2026/01/20,,독일/테니시,,
척갈비,PSA,86E,,,,11700,2026/01/19,HelloFarms,디스코스팟,,
미추리삼겹,,11.5,,,,5800,2026/01/19,우진미트,라프탈,오스트리아,
삼겹살,,15,,,,9200,2026/01/19,우진미트,라프탈,오스트리아,
꼬리,beef,,,,개별,18500,2026-01-21,,랄프,호주,
차돌양지,S,,,,진공,12100,2026-01-21,,랄프,미국,동탄한라
목심,S,21.8,,,,14400,2026/01/19,우진미트,랄프(HALAL),호주,
목심,A,22,,,,13900,2026/01/19,우진미트,랄프(HALAL),호주,
볼살,,27.2,,,,9500,2026/01/19,우진미트,랄프(HALAL),호주,
전각,S,21.7,,,,12000,2026/01/19,우진미트,랄프(HALAL),호주,
차돌양지,S,23.8,,,,12400,2026/01/19,우진미트,랄프(HALAL),호주,
차돌양지,A,23.4,,,,12000,2026/01/19,우진미트,랄프(HALAL),호주,
갈비,C,"43,119",,,,10200,2026/01/19,아빠고기,"리버랜드, ANZCO",뉴질랜드,
깐양,,119,,,,4900,2026/01/19,아빠고기,"리버랜드, ANZCO",뉴질랜드,
양깃머리,3~5,"43,119",,,,11100,2026/01/19,아빠고기,"리버랜드, ANZCO",뉴질랜드,
양깃머리,5~7,"43,119",,,,15100,2026/01/19,아빠고기,"리버랜드, ANZCO",뉴질랜드,
양깃머리,7~,"43,119",,,,18200,2026/01/19,아빠고기,"리버랜드, ANZCO",뉴질랜드,
우둔,PS,"43,119",,,,12100,2026/01/19,아빠고기,"리버랜드, ANZCO",뉴질랜드,
돈갈비,,,,,진공,5000,2026-01-21,,마처,오스트리아,동탄한라
돈갈비,,,,,진공,5200,2026-01-21,,마치(MARCHER),오스트리아,대정
이겹,,,,,,7000,2026/01/19,비아이인터내셔널,마프리세스,,
목심,GF,,,,,14400,2026/01/19,금성컴퍼니,메라미스트,호주,
전각,GF,3416,,,,12000,2026/01/19,금성컴퍼니,메라미스트,호주,
목뼈,비규격,7,,,,2000,2026/01/19,EumyeongFoods,메이플,,
목뼈,,,,,,1870,2026/01/19,아빠고기,메이플,캐나다,
목뼈,비규격,7,15.49,,,2000,2026-01-21,,메이플,캐나다,캐나다
목전지,,,,,,5500,2026/01/19,비아이인터내셔널,메이플,,
돈등심,,7,,,,5500,2026-01-21,,메이플(MAPLE),캐나다,삼진2
목전지,,7,,,,1950,2026-01-21,,메이플(MAPLE),캐나다,SWC
미추리 삼겹,,,,,진공,7500,2026-01-21,,몬트로델,스페인,동탄한라
삼겹살,,,,,진공,7700,2026-01-21,,몬트로델,스페인,동탄한라
막창,,717M,10,강동2/삼진2,10kg 규격,4800,2026/01/20,,미국/스미스필드,,
목전지,미국,18079,17,삼진1,,5700,2026/01/20,,미국/스미스필드,,
목전지,미국,413,17,삼진1,,5650,2026/01/20,,미국/스미스필드,,
갈비,PR,86M,31.1,강동2,,23500,2026/01/20,,미국/EXCEL,,
갈비,PR,86E,28.6,강동2,,20000,2026/01/20,,미국/EXCEL,,
갈비,CAB,86E,29.3,강동2,,18000,2026/01/20,,미국/EXCEL,,
갈비,CH,86M,30.1,강동2,,20800,2026/01/20,,미국/EXCEL,,
갈비,CH,86K,25.4,강동2,,18000,2026/01/20,,미국/EXCEL,,
갈비,CH,86E,28.5/28.1,강동2/삼진2,,17800,2026/01/20,,미국/EXCEL,,
갈비,CH,86M,30,"강동2, 삼진2",,20700,2026/01/20,,미국/EXCEL,,
갈비,CH,86K,25.3,"CS, 대전",,18000,2026/01/20,,미국/EXCEL,,
갈비,CH,86E,27.6,강동2,,17700,2026/01/20,,미국/EXCEL,,
갈비,SE,86M,27.38,강동1,,18200,2026/01/20,,미국/EXCEL,,
냉장알목심,PR,86M,17.51,오로라CS /2026-02-18,,20500,2026/01/20,,미국/EXCEL,,
냉장알목심,PR,86M,18.59,오로라CS /2026-03-03,,21000,2026/01/20,,미국/EXCEL,,
냉장알목심,CAB,86K,20.35,오로라CS /2026-02-28,,20000,2026/01/20,,미국/EXCEL,,
냉장알목심,CH,86M,22.32,오로라CS /2026-03-03,,19500,2026/01/20,,미국/EXCEL,,
뒷사골,"PR,UN",86M,18.5,"CS, 대전, 강동2",,2300,2026/01/20,,미국/EXCEL,,
뒷스지,UN,86M,27.2,"아주차인, 강동2",,4600,2026/01/20,,미국/EXCEL,,
목뼈,UN,86R,28.8,삼진2,,3600,2026/01/20,,미국/EXCEL,,
백립,"SE,TCH",86E,29,"CS, 오로라, 강동2",,10900,2026/01/20,,미국/EXCEL,,
백립,"SE,TCH",86M(소량),28.13,강동2,,8000,2026/01/20,,미국/EXCEL,,
백립,"SE,TCH",86R,30,"아주차인, 오로라",,8000,2026/01/20,,미국/EXCEL,,
백립,"SE,TCH",86K,30,강동2,,7400,2026/01/20,,미국/EXCEL,,
볼라전각,CH,86K,29,오로라,,14000,2026/01/20,,미국/EXCEL,,
볼라전각,CH,"86E,86M",29.1,"강동1, CS",,14000,2026/01/20,,미국/EXCEL,,
부채,TCH,86M/86K(소량),22,SWC / 프라자,,19500,2026/01/20,,미국/EXCEL,,
사골,PR,86M,18.7,이스트벨리,,2200,2026/01/20,,미국/EXCEL,,
사태,CH/UN,86K,18.8,삼진2,,15800,2026/01/20,,미국/EXCEL,,
삼겹양지,UN,"86M,86E",27,강동2,88/89,8800/8900,2026/01/20,,미국/EXCEL,,
삼겹양지,UN,86M/86R,30,"효성 / 삼진2, 아주기흥",,8800,2026/01/20,,미국/EXCEL,,
스지,UN,86E/86K,6.8,강동2/삼진2,,6800/6900,2026/01/20,,미국/EXCEL,,
알목심,CH,86E/86M,23,"삼진2 / 아주차인, 기흥",,16900,2026/01/20,,미국/EXCEL,,
앞스지,UN,86M,6.8,"삼진1, CS",,7000,2026/01/20,,미국/EXCEL,,
앞스지,UN,"86K,86R,86E",6.8,강동2,,7000,2026/01/20,,미국/EXCEL,,
조각삼겹양지,UN,86K,28.3,강동2,,8000,2026/01/20,,미국/EXCEL,,
조각삼겹양지,UN,86M,27.8,삼진1,,7800,2026/01/20,,미국/EXCEL,,
차돌박이,TCH,86E,25,신우,,13200,2026/01/20,,미국/EXCEL,,
차돌양지,CH,"86E,86K",27.6,CS,,13200,2026/01/20,,미국/EXCEL,,
척갈비,CH,86M,26.2,삼진2,,14200,2026/01/20,,미국/EXCEL,,
척갈비,CH,86K,27.7,삼진2,,14100,2026/01/20,,미국/EXCEL,,
척갈비,CH,86E,25.1,강동2,,14000,2026/01/20,,미국/EXCEL,,
척갈비,CH,86M,24~26,"CS, 강동1, 삼진2",,14200,2026/01/20,,미국/EXCEL,,
척갈비,CH,86R,26~27,강동2,,14200,2026/01/20,,미국/EXCEL,,
척갈비,CH,86E,23~24,"강동1, 강동2",,14000,2026/01/20,,미국/EXCEL,,
척백립(BBQ),UN,86R,30,CS,,11200,2026/01/20,,미국/EXCEL,,
홍창,UN,86M/86K,6.8,강동2/삼진2,,5000,2026/01/20,,미국/EXCEL,,
황제늑간,UN,86M,17.7,삼진2,,15500,2026/01/20,,미국/EXCEL,,
갈비,CAB,245E,30,"강동1, CH",,20500,2026/01/20,,미국/IBP,,
갈비,CH,245E,30.3,세미,,19500,2026/01/20,,미국/IBP,,
갈비,UN,278,28.5,세미,,18000,2026/01/20,,미국/IBP,,
냉장진갈비,PR,245L,28.57,CH혼류 /2026-02-14,,55000,2026/01/20,,미국/IBP,,
척갈비,CAB,245E,28,세미,,15400,2026/01/20,,미국/IBP,,
삼겹양지,UN,19336,30,삼진1,,8700,2026/01/20,,미국/NB,,
냉장알목심,PR,262,17.92,강동1 /2026-03-01,,24500,2026/01/20,,미국/NBP,,
백립,UN,337,23,CS,,10300,2026/01/20,,미국/STX(삼구원),,
냉장알목심,PR,969,16.47,대전냉장 /2026-02-01,,19500,2026/01/20,,미국/SWIFT,,
냉장알목심,PR,969G,19.38,대전냉장 /2026-02-07,,19500,2026/01/20,,미국/SWIFT,,
볼라전각,CH,969(소량),30,삼진2,,14000,2026/01/20,,미국/SWIFT,,
삼겹양지,UN,969/969G,34,"선우, 대찌 / 아주용인",,8900,2026/01/20,,미국/SWIFT,,
막창,가공막창,,,,키로컷팅/500g포장,13000,2026-01-21,,미국산,미국산돈육,본사창고
늑간,LAMB,16.8,,,,18000,2026/01/19,우진미트,미드필드,뉴질랜드,
목심,A,,,,냉동우육,14100,2026/01/19,더상상,미드필드,호주,
목심,A,21,,,,13900,2026/01/19,우진미트,미드필드(HALAL),호주,
볼라전각,S,,,,,13000,2026/01/19,우진미트,미드필드(HALAL),호주,
볼살,BEEF,27.2,,,,9500,2026/01/19,우진미트,미드필드(HALAL),호주,
설도,A,22.8,,,,13000,2026/01/19,우진미트,미드필드(HALAL),호주,
차돌양지,S,18.5,,,,12400,2026/01/19,우진미트,미드필드(HALAL),호주,
홍두깨,S,20.7,,,,15500,2026/01/19,우진미트,미드필드(HALAL),호주,
홍두깨,A,20.9,,,,15300,2026/01/19,우진미트,미드필드(HALAL),호주,
목뼈,,,,,,1800,2026/01/19,아빠고기,반루이,네덜란드,
삼겹살,,,,,,9400,2026/01/19,MLP,반루이,,
로인립(8~10),,129,,,,11500,2026-01-21,,베나드(BERNARD),프랑스,강동1
닭정육,,,12,현라동탄,12kg 규격,4500,2026/01/20,,브라질/페르디가오,,
삼겹양지,,,,,,8800,2026-01-21,,브롤리,미국,아주기흥
BBQ,,,,,,10000,2026-01-21,,브롤리,미국,
돈목살,,,,,,3500,2026-01-21,,사사(SASA),멕시코,삼진2
늑간,,,,,,15800,2026-01-21,,수카르네(SUKARNE),,삼진2
홍창,,,,,,5500,2026-01-21,,수카르네(SUKARNE),,삼진2
가브리,,,,,,10200,2026/01/19,비아이인터내셔널,슈퍼포크,,
등뼈,,2,,,,1900,2026/01/19,비아이인터내셔널,슈퍼포크,,
목뼈,,6,,,,2200,2026/01/19,비아이인터내셔널,슈퍼포크,,
목살,,6-2,,,,7200,2026/01/19,비아이인터내셔널,슈퍼포크,,
미박삼겹,,,,,,9000,2026/01/19,비아이인터내셔널,슈퍼포크,,
삼겹살,,6,,,,9400,2026/01/19,비아이인터내셔널,슈퍼포크,,
작업항정,,,,,,16200,2026/01/19,비아이인터내셔널,슈퍼포크,,
장족,,2,,,,4300,2026/01/19,비아이인터내셔널,슈퍼포크,,
돈목전지,,413,,,,5650,2026/01/19,MLP,스미스필드,,
돈학,,18079/717엠,,,,2900,2026/01/19,비아이인터내셔널,스미스필드,,
등심,,7CR/18079/320,,,,5500,2026/01/19,비아이인터내셔널,스미스필드,,
막창,,17D,,,,6000,2026/01/19,비아이인터내셔널,스미스필드,,
미박삼겹,,,,,,9200,2026/01/19,MLP,스미스필드,,
스페어립,,18079,,,,6000,2026/01/19,비아이인터내셔널,스미스필드,,
돈등뼈,,3W,,,,1850,2026-01-21,,스위프트(SWIFT),미국,삼진2
삼겹살,,15.9,,,,9200,2026/01/19,우진미트,스텔맨,핀란드,
미니목살,,,12,강동2,미니목살,19300,2026/01/20,,스페인/로드리게스,,
미니목살,,,6.9,강동2,미니목살,18500,2026/01/20,,스페인/마커사,,
삼겹살,세보,,15.2,강동2,이겹,8500,2026/01/20,,스페인/마커사,,
돈등심,,,24.0/19.0,강동2/삼진2,,5500,2026/01/20,,스페인/파델,,
닭정육,,,,,,4500,2026/01/19,비아이인터내셔널,씨에라,,
돈갈비,,,,,,5800,2026/01/19,비아이인터내셔널,씨에라,,
목뼈,,,,,,1800,2026/01/19,비아이인터내셔널,씨에라,,
삼겹살,,,,,,8600,2026/01/19,비아이인터내셔널,씨에라,,
항정살,,,,,,13500,2026/01/19,비아이인터내셔널,씨에라,,
삼겹살,,18.8,,,,8000,2026/01/19,우진미트,아베라,프랑스,
돈등심,,,,,진공,5600,2026-01-21,,아비뇨,스페인,아주기흥
삼겹살,,,,,진공,7800,2026-01-21,,아비뇨,스페인,동탄한라
가브리,,06-01,,,,12700,2026/01/19,MLP,아싸(AASA),,
갈매기,단막진공,06-01,,,,11200,2026/01/19,MLP,아싸(AASA),,
돈갈비,,06-01,,,,6200,2026/01/19,MLP,아싸(AASA),,
로인립,,06-01,,,,13000,2026/01/19,MLP,아싸(AASA),,
목뼈,,06-01,,,,2000,2026/01/19,MLP,아싸(AASA),,
목살,,06-01,,,,7100-7200,2026/01/19,MLP,아싸(AASA),,
미박삼겹,,06-01,,,,9000-9200,2026/01/19,MLP,아싸(AASA),,
삼겹살,,06-01,,,,9300,2026/01/19,MLP,아싸(AASA),,
항정살,,06-01,,,,16400,2026/01/19,MLP,아싸(AASA),,
가브리,,,,,,12200,2026-01-21,,아싸(ASSA),칠레,SWC
돈갈비,,,,,,6100,2026-01-21,,아싸(ASSA),칠레,SWC
돈목살,,,,,,7200,2026-01-21,,아싸(ASSA),칠레,SWC
미박삼겹,,,,,,9100,2026-01-21,,아싸(ASSA),칠레,SWC
삼겹살,,06-01,,,,9300,2026-01-21,,아싸(ASSA),칠레,SWC
항정살,,,,,,16300,2026-01-21,,아싸(ASSA),칠레,SWC
백립,B,"23,32,42,47",,,,8800,2026/01/19,아빠고기,"아프코, AFFCO",뉴질랜드,
양깃머리,7~9,"23,32",,,,15100,2026/01/19,아빠고기,"아프코, AFFCO",뉴질랜드,
양깃머리,9~,23,,,,16100,2026/01/19,아빠고기,"아프코, AFFCO",뉴질랜드,
등갈비,PS/BULL,18.6,,,,9000,2026/01/19,우진미트,얼라이언스(HALAL),뉴질랜드,
목뼈,,16.4,,,,30000,2026/01/19,우진미트,얼라이언스(HALAL),뉴질랜드,
양깃머리,,,,,,10500,2026/01/19,우진미트,얼라이언스(HALAL),뉴질랜드,
양깃머리,,,,,,14500,2026/01/19,우진미트,얼라이언스(HALAL),뉴질랜드,
갈비,CH,86K,갈비(24.6KG),,,18200,2026/01/19,금성컴퍼니,엑셀,미국,
백립,RRA,86R,,,,7800,2026/01/19,금성컴퍼니,엑셀,미국,
아롱사태,CH,86M,,,,15900,2026/01/19,금성컴퍼니,엑셀,미국,
늑간,,PR,,,,23000,2026-01-21,,엔비(NB),,한라곤
늑간,,UN,,,,23500,2026-01-21,,엔비(NB),,한라곤
차돌박이,,,,,,17000,2026-01-21,,엔비(NB),,한라곤
늑간,,,,,,22000,2026/01/19,금성컴퍼니,오마하,미국,
황제늑간,UN,960A,,,,19500,2026/01/19,금성컴퍼니,오마하,미국,
차돌양지,S,,,,냉동우육,12400,2026/01/19,더상상,오코너,호주,
로인립,,8-10,,,,11500,2026/01/19,비아이인터내셔널,올라푸드(듀록50%),,
미니목살,,,,,,8900,2026/01/19,비아이인터내셔널,올라푸드(듀록50%),,
미추리삼겹,,,,,,6500,2026/01/19,비아이인터내셔널,올라푸드(듀록50%),,
삼겹살,,8-10,,,,10200,2026/01/19,비아이인터내셔널,올라푸드(듀록50%),,
냉장 목살,,270A,,,,8000,2026/01/19,금성컴퍼니,올리멜,,
냉장 삼겹,,270A,,,,8500,2026/01/19,금성컴퍼니,올리멜,,
목살,,"129,80",,,,7100,2026/01/19,비아이인터내셔널,올리멜,,
돈등뼈,,129,,,,2300,2026-01-21,,올리멜,캐나다,삼진1
돈등뼈,,10,,,,2100,2026-01-21,,올리멜,캐나다,삼진1
늑간,LAMB,16.3,,,,19000,2026/01/19,우진미트,와그스태프,뉴질랜드,
갈비,YG,16.5,,,,17000,2026/01/19,우진미트,우드워드,호주,
우둔,A,19.6,,,,14800,2026/01/19,우진미트,우드워드,호주,
미니족,,,,,,2900,2026/01/19,금성컴퍼니,웨스트 블리스,,
미박삼겹,,,,,,8900,2026/01/19,금성컴퍼니,웨스트 블리스,,
삼겹살,프리미엄,벨기에,,,,8800,2026/01/19,금성컴퍼니,웨스트 블리스,,
암퇘지삼겹,,,,,,9300,2026/01/19,금성컴퍼니,웨스트 블리스,,
돈앞다리,,10~13,,,,8300,2026-01-21,,웨스트포트(WESTFORT),네덜란드,SWC
뒷갈비,COW,21.8,,,,8000,2026/01/19,우진미트,유니버설(HALAL),뉴질랜드,
척갈비,BULL,22,,,,12000,2026/01/19,우진미트,유니버설(HALAL),뉴질랜드,
척갈비,PS,21.5,,,,11500,2026/01/19,우진미트,유니버설(HALAL),뉴질랜드,
돈갈비,,,,,돈갈비(정형),7900,2026-01-21,,인카로사(INCARLOSA),스페인,삼진2
뒷다리,,,,,,2100,2026-01-21,,인카로사(INCARLOSA),스페인,삼진2
목살,,,,,,6900,2026-01-21,,인카로사(INCARLOSA),스페인,삼진2
삼겹살,,,,,,8700,2026-01-21,,인카로사(INCARLOSA),스페인,삼진1
삼겹살,,,,,삼겹살 M,8700,2026-01-21,,인카로사(INCARLOSA),스페인,삼진1
목살,,,,,듀록50%,6900,2026-01-21,,잉카로사,스페인,동탄한라
삼겹살,미디움/라지,,,,듀록50%진공,8500/8700,2026-01-21,,잉카로사,스페인,아주기흥/동탄한라
항정살,,,,,,7800,2026-01-21,,잉카로사,스페인,동탄한라
가브리,,,,,,7600,2026/01/19,비아이인터내셔널,잉카룩사(듀록50%),,
라지미겹,,,,,,7500,2026/01/19,비아이인터내셔널,잉카룩사(듀록50%),,
목살,,,,,,6600,2026/01/19,비아이인터내셔널,잉카룩사(듀록50%),,
미박사태,,,,,,6000,2026/01/19,비아이인터내셔널,잉카룩사(듀록50%),,
미추리 삼겹,,,,,,6000,2026/01/19,비아이인터내셔널,잉카룩사(듀록50%),,
이겹,,,,,,7300,2026/01/19,비아이인터내셔널,잉카룩사(듀록50%),,
진공 목살,,,,,,7000,2026/01/19,비아이인터내셔널,잉카룩사(듀록50%),,
살치살,,,,,,25000,2026/01/19,비아이인터내셔널,잉카룩사(이베리코),,
이겹,,,,,,11000,2026/01/19,비아이인터내셔널,잉카룩사(이베리코),,
대창,GF,18.3,,,,5000,2026/01/19,우진미트,잭스트링,호주,
갈비,GF.S,,,,,19000,2026/01/19,우진미트,카지노(HALAL),호주,
갈비,V,18.9,,,,11000,2026/01/19,우진미트,카지노(HALAL),호주,
분쇄육,,27.2,,,,33000,2026/01/19,우진미트,캄벨,호주,
목전지,,7,17.52,강동2,,5550,2026/01/20,,캐나다/메이플,,
목뼈,캐나다,129,20,삼진1,,2400,2026/01/20,,캐나다/올리벨,,
목살,캐나다,270A,13,삼진1,,7400,2026/01/20,,캐나다/올리벨,,
갈비,S,423,20.2,삼진2,,17500,2026/01/20,,캐나다/EXCEL,,
볼라전각,S,399/7/423/294,20.1,강동2/삼진2,,13400/13500,2026/01/20,,캐나다/EXCEL,,
삼겹양지,A,93,28.5,삼진2,,9000,2026/01/20,,캐나다/EXCEL,,
조각심겹양지,A,51,28,강동2/삼진2,,8000,2026/01/20,,캐나다/EXCEL,,
볼라전각,,93,30,"효성, 강동2, CS",,13100,2026/01/20,,캐나다/EXCEL(하이리버),,
앞스지,AAA,93,6.8,"CS, 강동2",,7000,2026/01/20,,캐나다/EXCEL(하이리버),,
냉장황제늑간,A,38,16.36,대전냉장 /2026-02-15,늑두리본,16500,2026/01/20,,캐나다/SWIFT,,
곱창,곡물,78,,,,3100,2026/01/19,아빠고기,"캔터베리, CMP",뉴질랜드,
목살,,,,,클립,6600,2026-01-21,,코네스토가,캐나다,아주기흥
돈목살,,,,,,6800,2026-01-21,,코네스토가(CONESTOGA),캐나다,삼진1/대정
가브리,,07-03,,,,4500,2026-01-21,,코엑스카(COEXCA),칠레,삼진1/삼진2/대정
돈갈비,,07-03,,,,5600,2026-01-21,,코엑스카(COEXCA),칠레,삼진1/삼진2/대정
돈뒷다리,,07-03,,,,1500,2026-01-21,,코엑스카(COEXCA),칠레,삼진1/삼진2/대정
돈등심,,07-03,,,,4000,2026-01-21,,코엑스카(COEXCA),칠레,삼진1/삼진2/대정
돈목살,,07-03,,,,6900,2026-01-21,,코엑스카(COEXCA),칠레,삼진1/삼진2/대정
삼겹살,,07-03,,,,9200,2026-01-21,,코엑스카(COEXCA),칠레,삼진1/삼진2/대정
항정살,,07-03,,,,16300,2026-01-21,,코엑스카(COEXCA),칠레,삼진1/삼진2/대정
미니족,,11.8,,,,26000,2026/01/19,우진미트,콜스,호주,
미니족,,10,,,,26000,2026/01/19,우진미트,콜스,호주,
척갈비,,648,,,,13500,2026/01/19,독보팜스,콜스,호주,희창
늑간,,,,,100%블랙앵거스,20300,2026-01-21,,크릭스톤,미국,아주기흥
백립,,,,,100%블랙앵거스,8500,2026-01-21,,크릭스톤,미국,아주기흥
삼겹양지,,,,,100%블랙앵거스,8700,2026-01-21,,크릭스톤,미국,동탄한라
뒷사골,,,,,,1550,2026-01-21,,킬코이(KILCOY),,한라곤
뒷사태,,,,,,10900,2026-01-21,,킬코이(KILCOY),,삼진1/삼진2
등갈비,,,,블럭(등갈비),,12200,2026-01-21,,킬코이(KILCOY),,한라곤
볼라전각,,,,,,13400,2026-01-21,,킬코이(KILCOY),,삼진1
삼겹양지,,,,,,9800,2026-01-21,,킬코이(KILCOY),,한라곤
설도,,,,,,13300,2026-01-21,,킬코이(KILCOY),GF 640,한라곤
스페어립,,,,,,12900,2026-01-21,,킬코이(KILCOY),GF 640,한라곤
앞사태,,,,,,10900,2026-01-21,,킬코이(KILCOY),,삼진1/삼진2
양지,,,,,,8000,2026-01-21,,킬코이(KILCOY),,한라곤
양지사골,,,,,,1550,2026-01-21,,킬코이(KILCOY),,한라곤
양지스지,,,,,,1650,2026-01-21,,킬코이(KILCOY),,한라곤
우둔,,,,,,15200,2026-01-21,,킬코이(KILCOY),,삼진1
우목뼈,,,,,,3900,2026-01-21,,킬코이(KILCOY),,한라곤/SWC
일반갈비,,,,,,15700,2026-01-21,,킬코이(KILCOY),,삼진1
양깃머리,,,,,,10500,2026/01/19,우진미트,태일러,뉴질랜드,
삼겹살,,688,14.75,,,8800,2026-01-21,,테니시,독일,삼진2
박스염소,GOAT,19.3,,,,9500,2026/01/19,우진미트,토마스,뉴질랜드,
시즈닝 숏립 프렌치랙,과세,배송가능(택배),,,,40000,2026/01/19,금성컴퍼니,토마스,,
양갈비(프렌치랙),LAMB,8.6,,,,43000,2026/01/19,우진미트,토마스,뉴질랜드,
양갈비(프렌치랙),LAMB,9.2,,,,43000,2026/01/19,우진미트,토마스,뉴질랜드,
우목뼈,,8883,,,,2700,2026-01-21,,토마스(THOMAS),미국,삼진
백립,,,,,,7500,2026-01-21,,트루웨스트,미국,
황제늑간,,,,,스페쿠수,18000,2026-01-21,,트루웨스트,미국,동탄한라
목심,A,,,,,14900,2026/01/19,금성컴퍼니,티스(TEYS),호주,
목심,A,,,,,13700,2026/01/19,금성컴퍼니,티스(TEYS),호주,
설도,S,,,,,13500,2026/01/19,금성컴퍼니,티스(TEYS),호주,
차돌양지,S,7,,,,12700,2026/01/19,금성컴퍼니,티스(TEYS),호주,
돈등심,,,19,,,5600,2026-01-21,,파델,스페인,강동2/삼진2
등심,규격,,,,,5600,2026/01/19,EumyeongFoods,파텔,,
로인립,규격,,,,,9500,2026/01/19,EumyeongFoods,파텔,,
목전지,,,,,413,5650,2026-01-21,,팜랜드,미국,동탄한라
스페어립,,,,,18079,5900,2026-01-21,,팜랜드,미국,동탄한라
목뼈,규격,#1,,,,2450,2026/01/19,EumyeongFoods,프라임,,
곱창,S,,,,,3000,2026/01/19,MLP,프리고소노(FRIGOSORNO),,
꼬리,S,알꼬리,,,,22000,2026/01/19,MLP,프리고소노(FRIGOSORNO),,
대동맥,S,,,,,10200,2026/01/19,MLP,프리고소노(FRIGOSORNO),,
대창,S,,,,,3500,2026/01/19,MLP,프리고소노(FRIGOSORNO),,
떡심,S,,,,,8000,2026/01/19,MLP,프리고소노(FRIGOSORNO),,
볼살,S,90cl 이상,,,,9000,2026/01/19,MLP,프리고소노(FRIGOSORNO),,
양깃머리,S,800up~,,,,27000,2026/01/19,MLP,프리고소노(FRIGOSORNO),,
오픈대창,S,,,,,2000,2026/01/19,MLP,프리고소노(FRIGOSORNO),,
우신,S,,,,,10000,2026/01/19,MLP,프리고소노(FRIGOSORNO),,
직장(렉텀),S,,,,,3500,2026/01/19,MLP,프리고소노(FRIGOSORNO),,
토시,S,진공,,,,11500,2026/01/19,MLP,프리고소노(FRIGOSORNO),,
홍창,S,,,,,4500,2026/01/19,MLP,프리고소노(FRIGOSORNO),,
BBQ,S,살밥많음,,,,9500,2026/01/19,MLP,프리고소노(FRIGOSORNO),,
오일리브,,,,,Ipc 반진공,8500,2026-01-21,,프리벨,스페인,강동2
항정살,,,,,진공,13900,2026-01-21,,프리벨,스페인,동탄한라/강동2
등심,,,,,,5800,2026/01/19,비아이인터내셔널,프리빈,,
롤삼겹,,,,,,8000,2026/01/19,비아이인터내셔널,프리빈,,
목뼈,,,,,,2200,2026/01/19,비아이인터내셔널,프리빈,,
목살,,10.6,,,,6100,2026/01/19,우진미트,프리빈,스페인,
미박삼겹,,16.1,,,,7500,2026/01/19,우진미트,프리빈,스페인,
뼈미박삼겹,,,,,,6500,2026/01/19,비아이인터내셔널,프리빈,,
뼈삼겹,,,,,,7700,2026/01/19,비아이인터내셔널,프리빈,,
이겹,,,,,,7000,2026/01/19,비아이인터내셔널,프리빈,,
전지,,,,,,5400,2026/01/19,비아이인터내셔널,프리빈,,
삼겹살,,,,,진공,7700,2026-01-21,,프리셀바(FRISELVA),스페인,삼진2
삼겹살,,,,,,9000,2026-01-21,,프리셀바(FRISELVA),스페인,삼진2
정육,MUTTON,27.2,,,,13000,2026/01/19,우진미트,플레처,뉴질랜드,
목살,,,,,,4200,2026/01/19,비아이인터내셔널,하이마운틴,,
목살,,,,,,7300,2026/01/19,비아이인터내셔널,하이오크,,
늑간,,,,,스페쿠수,20000,2026-01-21,,헤리스렌치,미국,
삼겹양지,,,,,평균23.5KG,21000,2026-01-21,,헤리스렌치,미국,아주기흥
갈비,PR/CH,,,,,21500-19500,2026/01/19,MLP,헤리스렌치,,
늑립,UN,,,,,11000,2026/01/19,MLP,헤리스렌치,,
설도,GF,640,,한라곤지암,,13400,2026/01/20,,호주/KILCOY,,
스페어립,GF,640,,"강동1, 삼진1, 효성",,9000,2026/01/20,,호주/KILCOY,,
볼라전각,S,294,,삼진1,,13400,2026/01/20,,호주/TEYS,,
삼겹양지,S,"291,294",,삼진1,,8800,2026/01/20,,호주/TEYS,,
우둔,S,294/399,16.5,삼진2,,15400,2026/01/20,,호주/TEYS,,
우둔,A,7/291,18.6,삼진2,,15300,2026/01/20,,호주/TEYS,,
척갈비,S,294,,삼진1,,12200,2026/01/20,,호주/TEYS,,
헤드미트,,294/7,27.2,삼진2,,8700/8800,2026/01/20,,호주/TEYS,,
홍두깨,S,291,20.6,삼진2,,16200,2026/01/20,,호주/TEYS,,
홍두깨,A,294,21,삼진2,,16100,2026/01/20,,호주/TEYS,,
무연삼겹,,,,,듀록100%흑돼지100%,9500,2026-01-21,,화이트포크,스페인,아주기흥
삼겹살,,,,,듀록100%흑돼지100%,10000,2026-01-21,,화이트포크,스페인,아주기흥
미박삼겹,,06-01,,,,7200,2026/01/19,NaruFoods,AASA,,
삼겹살,,06-01,,,,9100,2026/01/19,NaruFoods,AASA,,
항정살,,06-01,,,,16300,2026/01/19,NaruFoods,AASA,,
갈비,,,갈비(#239),,,19500,2026/01/19,비아이인터내셔널,ACC,호주,
뒷사태,,,,,,11000,2026/01/19,비아이인터내셔널,ACC,호주,
목심,,,,,,15000,2026/01/19,비아이인터내셔널,ACC,호주,
백립,,,,,백립(#1620),11700,2026/01/19,비아이인터내셔널,ACC,호주,
백립,,,,,백립(#239),11200,2026/01/19,비아이인터내셔널,ACC,호주,
사골,,,,,,1900,2026/01/19,비아이인터내셔널,ACC,호주,
삼겹양지,,,,,삼겹양지(#239),9500,2026/01/19,비아이인터내셔널,ACC,호주,
스페어립,,,,,,9300,2026/01/19,비아이인터내셔널,ACC,호주,
우둔,,,,,,15500,2026/01/19,비아이인터내셔널,ACC,호주,
전각,,,,,,14200,2026/01/19,비아이인터내셔널,ACC,호주,
차돌양지,,,,,,13300,2026/01/19,비아이인터내셔널,ACC,호주,
홍두깨,,,,,,16000,2026/01/19,비아이인터내셔널,ACC,호주,
목심,PS,,,,,14700,2026/01/19,독보팜스,AFFCO,뉴질랜드,삼진1
전각,PS,,,,,12000,2026/01/19,독보팜스,AFFCO,뉴질랜드,삼진1
헤드미트,,,,,,9000,2026/01/19,독보팜스,AFFCO,뉴질랜드,삼진1
갈비,초이스,26.9,,,,17000,2026/01/19,우진미트,AFG,미국,
목뼈,BEEF,18/21,,,,2800,2026/01/19,EumyeongFoods,ALLIANCE,,
대동맥,,19.2,,,,8000,2026/01/19,우진미트,AMG(HALAL),호주,
목뼈,S,15,,,,28000,2026/01/19,우진미트,AMG(HALAL),호주,
목심,A,18,,,,13900,2026/01/19,우진미트,AMG(HALAL),호주,
볼라전각,S,18.6,,,,12600,2026/01/19,우진미트,AMG(HALAL),호주,
삼겹양지,YP,17.5,,,,8600,2026/01/19,우진미트,AMG(HALAL),호주,
우둔,S,20.1,,,,15000,2026/01/19,우진미트,AMG(HALAL),호주,
차돌양지,S,18.5,,,,12600,2026/01/19,우진미트,AMG(HALAL),호주,
차돌양지,A,18.6,,,,12200,2026/01/19,우진미트,AMG(HALAL),호주,
삼겹양지,235GF,,,,,9300,2026/01/20,,AMH,,프라자
안심,A,,,,,36000,2026/01/19,금성컴퍼니,AMH,호주,
전각,A,19,,,,12000,2026/01/19,우진미트,AMH,호주,
홍두깨,235,,곡물,,,15500,2026/01/20,,AMH,,CS
송아지 짝갈비,송아지,13.9,,,,5000,2026/01/19,우진미트,ANZCO,오스트리아,
돈등심,129,129,,,돈등심(8~10),12000,2026/01/19,NaruFoods,BERNARD,,
돈앞다리,80,80,,,,7100,2026/01/19,NaruFoods,BERNARD,,
돈등심,,07-03,,,,1500,2026/01/19,NaruFoods,COEXCA,,
돈목살,,07-03,,,,5600,2026/01/19,NaruFoods,COEXCA,,
돈특육,,07-03,,,,4000,2026/01/19,NaruFoods,COEXCA,,
막창,,07-03,,,,4500,2026/01/19,NaruFoods,COEXCA,,
삼겹살,,07-03,,,,9200,2026/01/19,NaruFoods,COEXCA,,
항정살,,07-03,,,,16500,2026/01/19,NaruFoods,COEXCA,,
돈갈비,,,,,,6800,2026/01/19,NaruFoods,CONESTOGA,,
돈등심,,,,,,6900,2026/01/19,NaruFoods,CONESTOGA,,
갈비,A(캐나다),93(27.8),,,,10000,2026/01/19,TMS,CS,,
갈비,AAA(캐나다),51(26),,,,23000,2026/01/19,TMS,CS,,
갈비,CAB,86E(29),,,,18500,2026/01/19,TMS,CS,,
갈비,CH,86E(27),,,,17900,2026/01/19,TMS,CS,,
갈비,CH,86K(26),,,,19200,2026/01/19,TMS,CS,,
갈비,CH,86M(29),,,,20800,2026/01/19,TMS,CS,,
갈비,CH,86M(31),,,,21300,2026/01/19,TMS,CS,,
갈비,CH,86E(25.5),,,,14100,2026/01/19,TMS,CS,,
갈비,CH,86R(25.5),,,,14300,2026/01/19,TMS,CS,,
갈비,CH,86M(25.9),,,,14300,2026/01/19,TMS,CS,,
갈비,CH,86R,,,,22500,2026/01/19,TMS,CS,,
갈비,CH,86M,,,,23500,2026/01/19,TMS,CS,,
갈비,CH,86M/R/K,,,,14200,2026/01/19,TMS,CS,,
갈비,CH,86M,,,,16000,2026/01/19,TMS,CS,,
갈비,CH,86R,,,,17000,2026/01/19,TMS,CS,,
갈비,CH,86K,,,,13400,2026/01/19,TMS,CS,,
갈비,CH,86M,,,,13200,2026/01/19,TMS,CS,,
갈비,PR,86E(27),,,,19500,2026/01/19,TMS,CS,,
갈비,PR,86M(31),,,,23500,2026/01/19,TMS,CS,,
갈비,PSA,86K,,,,12000,2026/01/19,TMS,CS,,
갈비,SE,86K(25),,,,17500,2026/01/19,TMS,CS,,
갈비,SE,86M(28),,,,18500,2026/01/19,TMS,CS,,
백립,SE,86K,,,,7400,2026/01/19,TMS,CS,,
백립,SE,86R,,,,8800,2026/01/19,TMS,CS,,
백립,SE,86E(29),,,,11000,2026/01/19,TMS,CS,,
백립,UN,86R/MK#2,,,,7000,2026/01/19,TMS,CS,,
백립,UN,86E#2,,,,7300,2026/01/19,TMS,CS,,
백립,UN,86R,,,,11200,2026/01/19,TMS,CS,,
백립,UN,86C,,,,9000,2026/01/19,TMS,CS,,
백립,UN,86K,,,,8000,2026/01/19,TMS,CS,,
백립,UN,86M,,,,16000,2026/01/19,TMS,CS,,
백립,UN,86E,,,,7000,2026/01/19,TMS,CS,,
백립,UN,86K,,,,7500,2026/01/19,TMS,CS,,
잭스크릭 곡물,1620,,,,,3500,2026/01/19,TMS,CS,,
잭스크릭 곡물,1620,,,,,5500,2026/01/19,TMS,CS,,
늑간,CH,,,,,20500,2026/01/19,EumyeongFoods,DEMKOTA,,
늑간,CH,245E,20.45,,,20500,2026-01-21,,DEMKOTA,미국,강동2
백립,CH,,,,,11400,2026/01/19,EumyeongFoods,DEMKOTA,,
백립,CH,278,31.23,,,11400,2026-01-21,,DEMKOta,미국,강동2
황제늑간,A,,,,,"20,000",2026/01/19,,DIAMOND,미국,신우
우신,,19.5,,,,16000,2026/01/19,우진미트,E.C.T,호주,
목심,A,486,,,,13700,2026/01/19,금성컴퍼니,ECT,캐나다,
갈비,CAB,86E,,,,18300,2026/01/20,,EXCEL,,강동2
갈비,CH,86M,,,,21000,2026/01/20,,EXCEL,,강동2
갈비,CH,86R,,,,21700,2026/01/20,,EXCEL,,강동2
갈비,CH,86E,,,,18000,2026/01/20,,EXCEL,,강동2
갈비,SE,86M,,,,18300,2026/01/20,,EXCEL,,강동2
갈비,SE,86E,,,,17600,2026/01/20,,EXCEL,,강동2
갈비,AAA,51,,,,21700,2026/01/20,,EXCEL,,강동2
갈비,CAB,86E,,,,18300,2026-01-21,,EXCEL,미국,강동2
갈비,CH,86M,,,,21000,2026-01-21,,EXCEL,미국,강동2
갈비,CH,86R,,,,21700,2026-01-21,,EXCEL,미국,강동2
갈비,CH,86E,,,,18000,2026-01-21,,EXCEL,미국,강동2
갈비,SE,86M,,,,18200,2026-01-21,,EXCEL,미국,강동2
갈비,SE,86E,,,,17400,2026-01-21,,EXCEL,미국,강동2
갈비,AAA,51,,,,21700,2026-01-21,,EXCEL,미국,강동2
늑간,UN,86K,,,,20600,2026/01/20,,EXCEL,,강동2
늑간,UN,86K,,,,20600,2026-01-21,,EXCEL,미국,강동2
백립,SE,86K,,,,7300,2026/01/20,,EXCEL,,강동2
백립,A,93,,,,10000,2026/01/20,,EXCEL,,강동2
백립,AAA,51,,,,7900,2026/01/20,,EXCEL,,강동2
백립,SE,86K,,,,7300,2026-01-21,,EXCEL,미국,강동2
백립,A,93,,,,10000,2026-01-21,,EXCEL,미국,강동2
백립,UN,86M,,,백립#2,7100,2026/01/20,,EXCEL,,강동2
백립,UN,86M,,,백립#2,7100,2026-01-21,,EXCEL,미국,강동2
아롱사태,86E,,,,,15800,2026/01/20,,EXCEL,,강동2
아롱사태,,86E,,,,15800,2026-01-21,,EXCEL,미국,강동2
알목심,CH,86E,,,,17000,2026/01/20,,EXCEL,,강동2
알목심,CH,86E,,,,17000,2026-01-21,,EXCEL,미국,강동2
우건,UN,86M,,,,7000,2026/01/20,,EXCEL,,강동2
우건,UN,86M,,,,7000,2026-01-21,,EXCEL,미국,강동2
차돌양지,86K,,,,,13400,2026/01/20,,EXCEL,,효성
차돌양지,,86K,,,,13200,2026-01-21,,EXCEL,미국,효성
척갈비,CH,86R,,,,14300,2026/01/20,,EXCEL,,강동2
척갈비,CH,86R,,,,14300,2026-01-21,,EXCEL,미국,강동2
BBQ,UN,86R,,,,11200,2026/01/20,,EXCEL,,강동2
BBQ,UN,86M,,,,11200,2026/01/20,,EXCEL,,강동2
BBQ,A,93,,,,11200,2026/01/20,,EXCEL,,강동2
BBQ,UN,86R,,,,11200,2026-01-21,,EXCEL,미국,강동2
BBQ,UN,86M,,,,11200,2026-01-21,,EXCEL,미국,강동2
BBQ,A,93,,,,11200,2026-01-21,,EXCEL,미국,강동2
갈비,CH,86E,,,,18000,2026/01/19,EumyeongFoods,EXCEL,,
갈비,CAB,86M,,,,18200,2026/01/19,EumyeongFoods,EXCEL,,
갈비,CH,86K,,,,20800,2026/01/19,EumyeongFoods,EXCEL,,
갈비,CH,86M,,,,20500,2026/01/19,MLP,EXCEL,,
갈비,CH,86E,,,,17800,2026/01/19,아빠고기,EXCEL,미국,
갈비,CH,86K,,,냉동우육,18000,2026/01/19,더상상,EXCEL,미국,
갈비,SE,86M,,,냉동우육,18300,2026/01/19,더상상,EXCEL,미국,
갈비,CH,86K,,,25kg,18000,2026/01/19,독보팜스,EXCEL,미국/캐나다,삼진1
갈비,CH,86E,,,28.6kg,17800,2026/01/19,독보팜스,EXCEL,미국/캐나다,삼진2
갈비,CAB,86E,,,29.52kg,18200,2026/01/19,독보팜스,EXCEL,미국/캐나다,삼진2
갈비,SE,86R,25.6,,,18000,2026-01-21,,EXCEL,미국,삼진2
갈비,CAB,86E,29.8,,,18200,2026-01-21,,EXCEL,미국,삼진2
갈비,PR,86M,31.6,,,23500,2026-01-21,,EXCEL,미국,삼진2
곱창,UN,86R,,,,3600,2026/01/19,HelloFarms,EXCEL,,
끝갈비,,"86M,86E",,,,7500,2026/01/19,아빠고기,EXCEL,미국,
끝갈비,,86K,,,,8100,2026/01/19,아빠고기,EXCEL,미국,
냉장 갈비본살,PR,278,,,,32000,2026/01/19,금성컴퍼니,EXCEL,미국,
냉장 갈비본살,CH,245C,,,,26000,2026/01/19,금성컴퍼니,EXCEL,미국,
냉장 늑간,UN,86E,,,,20500,2026/01/19,금성컴퍼니,EXCEL,미국,
냉장 늑간,CH,86R,,,,22000,2026/01/19,금성컴퍼니,EXCEL,미국,
냉장 늑간,PR,245E,,,,24000,2026/01/19,금성컴퍼니,EXCEL,미국,
냉장 늑간,CAB,245E,,,,22000,2026/01/19,금성컴퍼니,EXCEL,미국,
냉장 늑간,UN,278,,,,21000,2026/01/19,금성컴퍼니,EXCEL,미국,
냉장 부채,PR,,,,,22000,2026/01/19,금성컴퍼니,EXCEL,미국,
냉장 부채,PR,245C,,,,23000,2026/01/19,금성컴퍼니,EXCEL,미국,
냉장 숏로인,SS,,,,,40000,2026/01/19,금성컴퍼니,EXCEL,미국,
냉장 채끝,SS,,,,,38000,2026/01/19,금성컴퍼니,EXCEL,미국,
냉장진갈비,,,,,,47000,2026/01/20,,EXCEL,,강동2
늑간,RRA,,,,냉동우육,22500,2026/01/19,더상상,EXCEL,미국,
늑립,SE,86E,,,,11000,2026/01/19,MLP,EXCEL,,
뒷사골,UN,86M,,,,2300,2026/01/19,HelloFarms,EXCEL,,
목뼈,,86R,28.8,,,3600,2026-01-21,,EXCEL,미국,삼진2
백립,,86K,,,,7300,2026/01/19,아빠고기,EXCEL,미국,
백립,#2,"86M,86K,86R",,,,7000,2026/01/19,아빠고기,EXCEL,미국,
백립,,86E,,,냉동우육,10500,2026/01/19,더상상,EXCEL,미국,
백립,,86R,,,냉동우육,7900,2026/01/19,더상상,EXCEL,미국,
백립,SE,86K,,,,7400,2026/01/19,독보팜스,EXCEL,미국/캐나다,삼진2
백립,SE,86E,,,,8000,2026/01/19,독보팜스,EXCEL,미국/캐나다,삼진1
백립,UN,86K,,,#2,7100,2026/01/19,독보팜스,EXCEL,미국/캐나다,삼진2
볼라전각,CH,86K,,,,14200,2026/01/19,HelloFarms,EXCEL,,
사골,,86M,,,,2200,2026/01/19,EumyeongFoods,EXCEL,,
사골,,86M,18.7,,,2200,2026-01-21,,EXCEL,미국,이스트벨리
삼겹살,UN,86M/E,,,삼겹양지,9000,2026/01/19,HelloFarms,EXCEL,,
삼겹양지,86R/93,,,,,8800,2026/01/19,MLP,EXCEL,,
삼겹양지,,,,,냉동우육,9000,2026/01/19,더상상,EXCEL,미국,
삼겹양지,,86E,,,,8900,2026/01/19,독보팜스,EXCEL,미국/캐나다,삼진2
스지,,86E,,,,7000,2026/01/19,EumyeongFoods,EXCEL,,
스지,UN,86E,,,,7000,2026/01/19,HelloFarms,EXCEL,,
스지,,86E,6.8,,,6800,2026-01-21,,EXCEL,미국,삼진2
스지,,86K,6.8,,,6900,2026-01-21,,EXCEL,미국,삼진2
아롱사태,CH/UN,"86R,E",,,,15900,2026/01/19,EumyeongFoods,EXCEL,,
아롱사태,UN,86E,,,,15800,2026/01/19,HelloFarms,EXCEL,,
아롱사태,"CH,UN",86E,,,,15700,2026/01/19,아빠고기,EXCEL,미국,
아롱사태,,86M,,,,15800,2026/01/19,독보팜스,EXCEL,미국/캐나다,삼진1
아롱사태,CH/UN,"86R,E",25.5,,,15900,2026-01-21,,EXCEL,미국,삼진2
알목심,CH,86K,,,,17000,2026/01/19,HelloFarms,EXCEL,,
알목심,CH,,,,,16500,2026/01/19,MLP,EXCEL,,
알목심,CH,86R,26,,,17000,2026-01-21,,EXCEL,미국,삼진2
알목심,CH,86M,30.1,,,20800,2026-01-21,,EXCEL,미국,삼진2
알목심,CH,86E,29,,,17800,2026-01-21,,EXCEL,미국,삼진2
앞스지,,86K,,,,7100,2026/01/19,아빠고기,EXCEL,미국,
양지안창,UN,86R,,,,6800,2026/01/19,HelloFarms,EXCEL,,
조각삼겹양지,,86K,,,,8000,2026/01/19,EumyeongFoods,EXCEL,,
조각삼겹양지,UN,86K/M,,,,8000,2026/01/19,HelloFarms,EXCEL,,
조각삼겹양지,,86K,,,,7600,2026/01/19,독보팜스,EXCEL,미국/캐나다,삼진2
차돌박이,CH,86E,,,,13500,2026/01/19,HelloFarms,EXCEL,,
차돌양지,CH/CAB,86E/R,,,,13400,2026/01/19,HelloFarms,EXCEL,,
차돌양지,86K,,,,,13400,2026/01/20,,EXCEL,,효성
척갈비,CH,86E,,,,18000,2026/01/19,EumyeongFoods,EXCEL,,
척갈비,,86M,,,냉동우육,14300,2026/01/19,더상상,EXCEL,미국,
척갈비,,86R,,,냉동우육,14300,2026/01/19,더상상,EXCEL,미국,
척갈비,CH,86K,25.2,,,14000,2026-01-21,,EXCEL,미국,강동2
척갈비,CH,86E,23.9,,,14000,2026-01-21,,EXCEL,미국,강동2
탕갈비,UN,86K,#2탕갈비,,,7300,2026/01/19,HelloFarms,EXCEL,,
탕갈비,UN,86M,#2탕갈비,,,7200,2026/01/19,HelloFarms,EXCEL,,
탕갈비,A,,,,,"10,000",2026/01/19,,EXCEL,미국,강동2
홍창,UN,86M,,,,4500,2026/01/19,HelloFarms,EXCEL,,
황제늑간,UN,86R,,,,15200,2026/01/19,HelloFarms,EXCEL,,
BBQ,UN,86R,,,,11200,2026/01/19,HelloFarms,EXCEL,,
BBQ,,86R,,,,11100,2026/01/19,아빠고기,EXCEL,미국,
BBQ,A,,,,,"11,200",2026/01/19,,EXCEL,미국,신우
냉장 늑간,CH,86K,,,,22500,2026/01/19,TMS,EXCEL,,
냉장 살치,CH/PR,86K,,,,33500,2026/01/19,TMS,EXCEL,,
냉장 알목심,PR,86K,,,,23000,2026/01/19,TMS,EXCEL,,
냉장 토마호크,CAB,86K,,,,62000,2026/01/19,TMS,EXCEL,,
냉장 토마호크,CAB,86K,,,,63000,2026/01/19,TMS,EXCEL,,
동결 채끝,CH,86K,,,,32000,2026/01/19,TMS,EXCEL,,
삼겹살,진공,,,,,7700,2026/01/19,NaruFoods,FRSELVIA,,
삼겹살,진공,,,,삼겹살 M,8700,2026/01/19,NaruFoods,FRSELVIA,,
갈비,S,21.4,,,,14000,2026/01/19,우진미트,GBP(HALAL),호주,
늑간,S,25,,,,15000,2026/01/19,우진미트,GBP(HALAL),호주,
목뼈,,16.9,,,,28000,2026/01/19,우진미트,GBP(HALAL),호주,
목심,S,25.1,,,,14400,2026/01/19,우진미트,GBP(HALAL),호주,
사태,S,23.8,,,,11000,2026/01/19,우진미트,GBP(HALAL),호주,
삼겹양지,S,23.8,,,,8600,2026/01/19,우진미트,GBP(HALAL),호주,
설도,S,23.6,,,,13200,2026/01/19,우진미트,GBP(HALAL),호주,
안심,S,12.8,,,,40000,2026/01/19,우진미트,GBP(HALAL),호주,
우둔,S,22,,,,13500,2026/01/19,우진미트,GBP(HALAL),호주,
잡육,85CL,27.2,,,,10300,2026/01/19,우진미트,GBP(HALAL),호주,
전각,S,22.7,,,,12000,2026/01/19,우진미트,GBP(HALAL),호주,
차돌양지,S,23.7,,,,12300,2026/01/19,우진미트,GBP(HALAL),호주,
홍두깨,S,24,,,,15300,2026/01/19,우진미트,GBP(HALAL),호주,
갈비,PS,124,,,,15500,2026/01/19,독보팜스,GREENLEA,뉴질랜드,삼진1
갈비,BULL,124,,,8~10번,11200,2026/01/19,독보팜스,GREENLEA,뉴질랜드,삼진1
갈비,COW,82,,,,10700,2026/01/19,독보팜스,GREENLEA,뉴질랜드,삼진1
도가니,,124,,,,5200,2026/01/19,독보팜스,GREENLEA,뉴질랜드,삼진1
목심,PS,124,,,,14500,2026/01/19,독보팜스,GREENLEA,뉴질랜드,삼진1
백립,PS,124,,,,10200,2026/01/19,독보팜스,GREENLEA,뉴질랜드,삼진1
백립,BULL,124,,,,9800,2026/01/19,독보팜스,GREENLEA,뉴질랜드,삼진1
볼살,,124/82,,,,10200,2026/01/19,독보팜스,GREENLEA,뉴질랜드,삼진1
설도,BULL,124,,,,14000,2026/01/19,독보팜스,GREENLEA,뉴질랜드,삼진1
스페어립,PS,124,,,,7800,2026/01/19,독보팜스,GREENLEA,뉴질랜드,삼진1
양깃머리,,124,,,300~500,11000,2026/01/19,독보팜스,GREENLEA,뉴질랜드,삼진1
양깃머리,,124,,,500~700,14500,2026/01/19,독보팜스,GREENLEA,뉴질랜드,삼진1
양깃머리,,124,,,700업,19000,2026/01/19,독보팜스,GREENLEA,뉴질랜드,삼진1
양지갈비,PS,124,,,,15000,2026/01/19,독보팜스,GREENLEA,뉴질랜드,삼진1
차돌양지,PS,124,,,,13000,2026/01/19,독보팜스,GREENLEA,뉴질랜드,삼진1
채끝,BULL,124/82,,,,17500,2026/01/19,독보팜스,GREENLEA,뉴질랜드,삼진1
토시,,82,,,,12300,2026/01/19,독보팜스,GREENLEA,뉴질랜드,삼진1
홍두깨,PS,124,,,,14500,2026/01/19,독보팜스,GREENLEA,뉴질랜드,삼진1
꼬리,BEEF,18.2,,,,18500,2026/01/19,우진미트,HARVEY(HALAL),호주,
등갈비,S,16.8,,,,10000,2026/01/19,우진미트,HARVEY(HALAL),호주,
목심,S,19.1,,,,14500,2026/01/19,우진미트,HARVEY(HALAL),호주,
목심,A,18.6,,,,13900,2026/01/19,우진미트,HARVEY(HALAL),호주,
볼살,,18.6,,,,9500,2026/01/19,우진미트,HARVEY(HALAL),호주,
양깃머리,,11.4,,,,10000,2026/01/19,우진미트,HARVEY(HALAL),호주,
양깃머리,,10.1,,,,13000,2026/01/19,우진미트,HARVEY(HALAL),호주,
양깃머리,,10.6,,,,15000,2026/01/19,우진미트,HARVEY(HALAL),호주,
양깃머리,,12.1,,,,17000,2026/01/19,우진미트,HARVEY(HALAL),호주,
차돌양지,S,18.4,,,,12600,2026/01/19,우진미트,HARVEY(HALAL),호주,
차돌양지,A,18.7,,,,12000,2026/01/19,우진미트,HARVEY(HALAL),호주,
갈비,CAB,278,,,,21500,2026/01/19,EumyeongFoods,IBP,,
갈비,CH,245E,,,,20500,2026/01/19,EumyeongFoods,IBP,,
갈비,CH,245E,,,,19500,2026/01/19,EumyeongFoods,IBP,,
갈비,UN,245E,,,,18300,2026/01/19,EumyeongFoods,IBP,,
갈비,CAB,278,,,냉동우육,21300,2026/01/19,더상상,IBP,미국,
갈비,CH,278,,,냉동우육,20000,2026/01/19,더상상,IBP,미국,
갈비,CH,,,,평균29.00KG,19300,2026-01-21,,IBP,미국,유성냉장
갈비,CAB,278,26.83,,,21000,2026-01-21,,IBP,미국,대찌
갈비,CH,245E,29.77,,,20500,2026-01-21,,IBP,미국,CH
갈비,CH,245E,30,,,19500,2026-01-21,,IBP,미국,CH
갈비,UN,245E,29.4,,,17800,2026-01-21,,IBP,미국,CH
갈비,UN,245E,28.9,,,17800,2026-01-21,,IBP,미국,강동1
갈비,CH,245E,30,,,18000,2026-01-21,,IBP,미국,CH
냉장 갈비본살,PR,,,,냉장육; 강동1,31000,2026/01/19,더상상,IBP,미국,강동1
냉장 부채,PR,,,,냉장육; 강동1,22500,2026/01/19,더상상,IBP,미국,강동1
냉장 안창,PR,,,,냉장육; 강동1,38000,2026/01/19,더상상,IBP,미국,강동1
냉장 알목심,PR,,,,냉장육; 강동1,23000,2026/01/19,더상상,IBP,미국,강동1
냉장 진갈비,PR,245C,,,,62000,2026/01/19,금성컴퍼니,IBP,미국,
냉장 진갈비,CAB,245C,,,,57000,2026/01/19,금성컴퍼니,IBP,미국,
냉장 진갈비,CH,245J,,,,51000,2026/01/19,금성컴퍼니,IBP,미국,
냉장 진갈비,PR,,,,냉장육; 강동1,58000,2026/01/19,더상상,IBP,미국,강동1
냉장 진갈비,CAB,,,,냉장육; 강동1,56000,2026/01/19,더상상,IBP,미국,강동1
냉장 진갈비,CH,,,,냉장육; 강동1,51000,2026/01/19,더상상,IBP,미국,강동1
냉장 토시,PR,245C,,,,23000,2026/01/19,금성컴퍼니,IBP,미국,
냉장 토시,CAB,278,,,,19000,2026/01/19,금성컴퍼니,IBP,미국,
냉장 토시,CH,245E,,,,18000,2026/01/19,금성컴퍼니,IBP,미국,
냉장 토시,UN,278,,,,17000,2026/01/19,금성컴퍼니,IBP,미국,
냉장 토시,PR,,,,냉장육; 강동1,23000,2026/01/19,더상상,IBP,미국,강동1
냉장 토시,CAB,,,,냉장육; 강동1,19000,2026/01/19,더상상,IBP,미국,강동1
냉장 토시,UN,,,,냉장육; 강동1,17000,2026/01/19,더상상,IBP,미국,강동1
목전지,244M,,,,,5600,2026/01/20,,IBP,,신우
백립,,278,,,냉동우육,7800,2026/01/19,더상상,IBP,미국,
삼겹양지,UN,278,,,,9200,2026/01/19,EumyeongFoods,IBP,,
삼겹양지,UN,245C,,,,9000,2026/01/19,EumyeongFoods,IBP,,
삼겹양지,UN,245L,,,,9000,2026/01/19,EumyeongFoods,IBP,,
삼겹양지,,,,,냉동우육,9000,2026/01/19,더상상,IBP,미국,
삼겹양지,UN,278,29.48,,,9200,2026-01-21,,IBP,미국,강동1
삼겹양지,UN,245C,27.92,,,9000,2026-01-21,,IBP,미국,강동1
삼겹양지,UN,245L,29.81,,,9000,2026-01-21,,IBP,미국,강동1
삼겹양지,UN,245L,28.62,,,9000,2026-01-21,,IBP,미국,CH
설도,,,,,냉동우육,13500,2026/01/19,더상상,IBP,미국,
설도,CH,,,,,13100,2026/01/20,,IBP,,
알목심,PR,,,,평균18.26KG,23000,2026-01-21,,IBP,미국,아주기흥
척갈비,CAB,278,,,,15500,2026/01/19,EumyeongFoods,IBP,,
척갈비,CH,245L,,,,15000,2026/01/19,EumyeongFoods,IBP,,
척갈비,CAB,278,,,냉동우육,15200,2026/01/19,더상상,IBP,미국,
척갈비,CH,278,24.42,,,14700,2026-01-21,,IBP,미국,CH
척갈비,CH,245L,26.92,,,14700,2026-01-21,,IBP,미국,CH
척갈비,CAB,278,24.5,,,15000,2026-01-21,,IBP,미국,CH
척갈비,CH,245L,26,,,14700,2026-01-21,,IBP,미국,CH
척갈비,CH,278,24.02,,,15000,2026-01-21,,IBP,미국,CH
삼겹양지,45L,,,,,8900,2026/01/20,,IBP2,,효성
목살,스페인,,,,,2100,2026/01/19,NaruFoods,INCARLOPSA,,
미박삼겹,스페인,,,,,8000,2026/01/19,NaruFoods,INCARLOPSA,,
삼겹살,스페인,,,,,8700,2026/01/19,NaruFoods,INCARLOPSA,,
항정살,스페인,,,,,6900,2026/01/19,NaruFoods,INCARLOPSA,,
돈갈비,,,,,,5500,2026/01/19,금성컴퍼니,IZIDORO(이지도로),,
미박삼겹,,,,,,8800,2026/01/19,금성컴퍼니,IZIDORO(이지도로),,
미추리 삼겹,스페인,스페인,,,,6800,2026/01/19,금성컴퍼니,IZIDORO(이지도로),,
삼겹살,포르투갈,포르투갈,,,,8800,2026/01/19,금성컴퍼니,IZIDORO(이지도로),,
항정살,,,,,,15000,2026/01/19,금성컴퍼니,IZIDORO(이지도로),,
스페어립,GF,,,,,"13,400",2026/01/19,,KILCOY,호주,아주기흥
양지갈비,GF,,,,,"13,400",2026/01/19,,KILCOY,호주,아주기흥
돈등심,,,,,,1950,2026/01/19,NaruFoods,MAPLE,,
돈전지,,,,,,5500,2026/01/19,NaruFoods,MAPLE,,
돈갈비,진공,,,,,5200,2026/01/19,NaruFoods,MARCHER,,
대동맥,,13.4,,,,8000,2026/01/19,우진미트,MERAMIST,호주,
목뼈,,12,,,,28000,2026/01/19,우진미트,MERAMIST,호주,
목심,GF,18.8,,,,14700,2026/01/19,우진미트,MERAMIST,호주,
목심,A,19.6,,,,13900,2026/01/19,우진미트,MERAMIST,호주,
볼살,,17.5,,,,9200,2026/01/19,우진미트,MERAMIST,호주,
앞스지,,13.6,,,,7500,2026/01/19,우진미트,MERAMIST,호주,
양깃머리,,9.2,,,,10000,2026/01/19,우진미트,MERAMIST,호주,
양깃머리,,10.9,,,,13000,2026/01/19,우진미트,MERAMIST,호주,
양깃머리,,11.1,,,,15000,2026/01/19,우진미트,MERAMIST,호주,
전각,GF,18.8,,,,12200,2026/01/19,우진미트,MERAMIST,호주,
차돌양지,GF,15.6,,,,12600,2026/01/19,우진미트,MERAMIST,호주,
차돌양지,A,16.7,,,,12000,2026/01/19,우진미트,MERAMIST,호주,
학스지,,18.6,,,,6000,2026/01/19,우진미트,MERAMIST,호주,
조각갈비,CH,86R,,,,8000,2026/01/19,HelloFarms,MEYER,,
척갈비,CH,86R,,,,14700,2026/01/19,HelloFarms,MEYER,,
탕갈비,CH,86R,,,,8200,2026/01/19,HelloFarms,MEYER,,
LA갈비,CH,86R,,,,22500,2026/01/19,HelloFarms,MEYER,,
갈비,초이스,35.4,,,,25000,2026/01/19,우진미트,NB,미국,
갈비,CAB,,,,평균33.11KG,25500,2026-01-21,,NB,미국,동탄한라
갈비,CH,,,,평균36.60KG,25000,2026-01-21,,NB,미국,동탄한라
늑간,UN,,,,,23500,2026/01/19,MLP,NB,,
삼겹양지,,,,,,8700,2026-01-21,,NB,미국,아주기흥
알목심,PR,,,,,23000,2026/01/19,MLP,NB,,
차돌박이,UN,,,,,17500,2026/01/19,MLP,NB,,
황제늑간,UN,,,,,22000,2026/01/19,MLP,NB,,
갈비,CH,262,,,,22000,2026/01/19,MLP,NBP,,
갈비,SE,208A,갈비(16.26KG),,,20000,2026/01/19,금성컴퍼니,NBP,미국,
갈비,CH,208A,갈비(16.4KG),,,21400,2026/01/19,금성컴퍼니,NBP,미국,
갈비,CAB,208A,갈비(16.8KG),,,22200,2026/01/19,금성컴퍼니,NBP,미국,
갈비,SE,262,갈비(17.25KG),,,21000,2026/01/19,금성컴퍼니,NBP,미국,
갈비,CH,262,갈비(17.7Kg),,,22200,2026/01/19,금성컴퍼니,NBP,미국,
갈비,CAB,262,갈비(18.1KG),,,23000,2026/01/19,금성컴퍼니,NBP,미국,
갈비,UN,262,갈비(앵드컷),,,8400,2026/01/19,HelloFarms,NBP,,
냉장 늑간,CH,,,,,21500,2026/01/19,금성컴퍼니,NBP,미국,
냉장 부채,PR,208A,,,,23000,2026/01/19,금성컴퍼니,NBP,미국,
냉장 살치,CAB,86M,,,,34000,2026/01/19,금성컴퍼니,NBP,미국,
냉장 안창,PR,,,,,36000,2026/01/19,금성컴퍼니,NBP,미국,
냉장 알목심,PR,208A,,,,22500,2026/01/19,금성컴퍼니,NBP,미국,
냉장 토시,PR,262,,,,18000,2026/01/19,금성컴퍼니,NBP,미국,
리브렛,UN,262,,,,8900,2026/01/19,HelloFarms,NBP,,
리블렛,UN,262,,,,8900,2026/01/19,금성컴퍼니,NBP,미국,
LA갈비,PR,262,,,,23000,2026/01/19,HelloFarms,NBP,,
LA갈비,PR,208A,,,,22500,2026/01/19,HelloFarms,NBP,,
LA갈비,CAB,208A,,,,21800,2026/01/19,HelloFarms,NBP,,
LA갈비,SEL,262,,,,21200,2026/01/19,HelloFarms,NBP,,
LA갈비,PR,208A,,,,20200,2026/01/19,HelloFarms,NBP,,
갈비,CAB.CH,208.262,,,,21700,2026/01/19,MLP,NBP (냉장육),,
늑간,CH.SE,208.262,,,,23000-21000,2026/01/19,MLP,NBP (냉장육),,
살치살,PR.CAB.CH,208.262,,,,355-335-315,2026/01/19,MLP,NBP (냉장육),,
아롱사태,CH,208.262,,,,16000,2026/01/19,MLP,NBP (냉장육),,
알목심,PR,208.262,,,,23300-23500,2026/01/19,MLP,NBP (냉장육),,
양지늑간,,208.262,,,,12700,2026/01/19,MLP,NBP (냉장육),,
황제늑간,CH.UN,208.262,,,,24000,2026/01/19,MLP,NBP (냉장육),,
갈비,CAB.CH,262,,,,22800-21500,2026/01/19,MLP,NBP (동결),,
갈비,S,12.6,,,,18000,2026/01/19,우진미트,O'CONNOR(HALAL),호주,
늑간,S,27.2,,,,16000,2026/01/19,우진미트,O'CONNOR(HALAL),호주,
뒷스지,,13.6,,,,6500,2026/01/19,우진미트,O'CONNOR(HALAL),호주,
목심,S,17,,,,14500,2026/01/19,우진미트,O'CONNOR(HALAL),호주,
볼라전각,S,14.7,,,,13200,2026/01/19,우진미트,O'CONNOR(HALAL),호주,
식도근,A,13.6,,,,8000,2026/01/19,우진미트,O'CONNOR(HALAL),호주,
앞스지,,13.6,,,,7500,2026/01/19,우진미트,O'CONNOR(HALAL),호주,
양깃머리,,10.8,,,,10000,2026/01/19,우진미트,O'CONNOR(HALAL),호주,
양깃머리,,10.9,,,,13000,2026/01/19,우진미트,O'CONNOR(HALAL),호주,
잡육,,27.2,,,,7600,2026/01/19,우진미트,O'CONNOR(HALAL),호주,
척갈비,S,16.2,,,,12600,2026/01/19,우진미트,O'CONNOR(HALAL),호주,
팅루드플렛,A,13.6,,,,8000,2026/01/19,우진미트,O'CONNOR(HALAL),호주,
돈목뼈,129,129,,,,2300,2026/01/19,NaruFoods,OYLMEL,,
돈앞다리,100,100,,,,2200,2026/01/19,NaruFoods,OYLMEL,,
갈비,COW,26,,,,10200,2026/01/19,EumyeongFoods,PPCS,,
갈비,COW,84,20.4,,,10200,2026-01-21,,PPCS,뉴질랜드,뉴질랜드
목심,,,,,,14700,2026/01/19,EumyeongFoods,PPCS,,
목심,PS,84,20.86,,,14500,2026-01-21,,PPCS,뉴질랜드,뉴질랜드
양깃머리,700UP,,,,,16500,2026/01/19,EumyeongFoods,PPCS,,
양깃머리,700UP,26,13.9,,,16500,2026-01-21,,PPCS,뉴질랜드,강동2
차돌양지,PS,84,,,,12500,2026/01/19,EumyeongFoods,PPCS,,
돈목뼈,,,,,,3500,2026/01/19,NaruFoods,SASA,,
갈비,CH,562,,,,17900,2026/01/19,HelloFarms,SHOWCASE,,
늑간,CH,562,,,냉동우육; 표기 S/C,19000,2026/01/19,더상상,SHOWCASE,미국,
백립,UN,562/562M,,,,8600,2026/01/19,금성컴퍼니,SHOWCASE,미국,
백립,UN,267,,,,7800,2026/01/19,금성컴퍼니,SHOWCASE,미국,
백립,,267,,,냉동우육; 표기 S/C,7500,2026/01/19,더상상,SHOWCASE,미국,
백립,SE,562,,,백립(등갈비),8700,2026/01/19,HelloFarms,SHOWCASE,,
백립,SE,562M,,,백립(등갈비),8200,2026/01/19,HelloFarms,SHOWCASE,,
백립,SE,267,,,백립(등갈비),7900,2026/01/19,HelloFarms,SHOWCASE,,
알목심,CH,562,,,,20500,2026/01/19,금성컴퍼니,SHOWCASE,미국,
탕갈비,562,,,,,8200,2026/01/20,,SHOWCASE,,대재
황제늑간,,562,,,냉동우육; 표기 S/C,15500,2026/01/19,더상상,SHOWCASE,미국,
갈비,CH,,,,,18000,2026/01/19,비아이인터내셔널,STX,미국,
갈비,초이스,27.5,,,,18000,2026/01/19,우진미트,STX,미국,
끝갈비,UN,22.3,,,,9000,2026/01/19,우진미트,STX,미국,
늑간,CH/UN,,,,,20500,2026/01/19,비아이인터내셔널,STX,미국,
늑간,초이스,20.2,,,,20500,2026/01/19,우진미트,STX,미국,
늑간,UN,19.5,,,,20000,2026/01/19,우진미트,STX,미국,
도가니,,31,,,,28000,2026/01/19,우진미트,STX,미국,
등갈비,UN/PR,28.7,,,,10300,2026/01/19,우진미트,STX,미국,
립앤드(끝갈비),UN,,,,,8500,2026/01/19,비아이인터내셔널,STX,미국,
백립,UN,,,,,10200,2026/01/19,비아이인터내셔널,STX,미국,
삼겹양지,UN,,,,,8700,2026/01/19,비아이인터내셔널,STX,미국,
삼겹양지,,30.5,,,,8800,2026/01/19,우진미트,STX,미국,
아롱사태,CH/UN,,,,,16000,2026/01/19,비아이인터내셔널,STX,미국,
아롱사태,초이스/UN,13.5,,,,15500,2026/01/19,우진미트,STX,미국,
양지늑간,UN,17.6,,,,14500,2026/01/19,우진미트,STX,미국,
차돌박이,UN,13.5,,,,16000,2026/01/19,우진미트,STX,미국,
척늑간,UN,19.3,,,,17000,2026/01/19,우진미트,STX,미국,
학스지,UN,13.4,,,,5000,2026/01/19,우진미트,STX,미국,
홍창,,7,,,,5000,2026/01/19,우진미트,STX,미국,
황제늑간,UN,,,,,17500,2026/01/19,비아이인터내셔널,STX,미국,
황제늑간,UN,18.5,,,,17000,2026/01/19,우진미트,STX,미국,
갈비,CH,86K/E,,,,14200,2026/01/19,TMS,SWC,,
갈비,CH,1311,갈비(27.14KG),,,19800,2026/01/19,금성컴퍼니,SWIFT,미국,
돈등심,3W,,,,,1850,2026/01/19,NaruFoods,SWIFT,,
막창,,,,,냉동돈육,6100,2026/01/19,더상상,SWIFT,,
목뼈,,,,,냉동돈육,1850,2026/01/19,더상상,SWIFT,,
목심,S,7,,,,15300,2026/01/19,EumyeongFoods,SWIFT,,
목전지,,995,,,냉동돈육,5600,2026/01/19,더상상,SWIFT,,
목전지,,3W,,,냉동돈육,5650,2026/01/19,더상상,SWIFT,,
백립,UN,1311,,,,8200,2026/01/19,금성컴퍼니,SWIFT,미국,
백립,UN,969,,,,8500,2026/01/19,금성컴퍼니,SWIFT,미국,
백립,,969,,,냉동우육,8500,2026/01/19,더상상,SWIFT,미국,
백립,,1311,,,냉동우육,8300,2026/01/19,더상상,SWIFT,미국,
볼라전각,S,7,,,,13600,2026/01/19,EumyeongFoods,SWIFT,,
설깃,,,,,냉동우육,12700,2026/01/19,더상상,SWIFT,미국,
알목심,CAB,969,,,,15500,2026/01/19,EumyeongFoods,SWIFT,,
조각백립,UN,969,,,,7800,2026/01/19,금성컴퍼니,SWIFT,미국,
척갈비,S,423,,,,11600,2026/01/19,EumyeongFoods,SWIFT,,
척갈비,SE,969,,,,15500,2026/01/19,금성컴퍼니,SWIFT,미국,
황제늑간,UN,969,,,,16500,2026/01/19,금성컴퍼니,SWIFT,미국,
황제늑간,,1311,,,냉동우육,16000,2026/01/19,더상상,SWIFT,미국,
목전지,,,,,,5700,2026/01/19,TMS,SWIFT/미국,,
갈비,A,294,,,,11800,2026/01/19,아빠고기,TEYS,호주,
갈비,S,18,,,,18000,2026/01/19,우진미트,TEYS,호주,
냉장 안심,A,,,,,36000,2026/01/19,금성컴퍼니,TEYS,호주,
냉장 안심,S,,,,,42000,2026/01/19,금성컴퍼니,TEYS,호주,
목심,A,7,,,,15000,2026/01/19,EumyeongFoods,TEYS,,
목심,A,399,,,,15000,2026/01/19,EumyeongFoods,TEYS,,
목심,A,294,,,,14900,2026/01/19,EumyeongFoods,TEYS,,
목심,A,7,,,,15000,2026/01/19,아빠고기,TEYS,호주,
목심,A,294,,,,14800,2026/01/19,아빠고기,TEYS,호주,
목심,S,20.2,,,,15000,2026/01/19,우진미트,TEYS,호주,
목심,A,,,,,"15,100",2026/01/19,,TEYS,호주,강동2
목심,S7,,,,,15300,2026/01/20,,TEYS,,대재
목심,S,7,,,,15500,2026/01/20,,TEYS,,강동2
목심,S,399,,,,15400,2026/01/20,,TEYS,,강동2
목심,A,294,,,,14800,2026/01/20,,TEYS,,강동2
목심,A,399,20,,,14800,2026-01-21,,TEYS,호주,삼진2
목심,A,294,20,,,14700,2026-01-21,,TEYS,호주,삼진2
볼라전각,S,7,,,,13500,2026/01/19,아빠고기,TEYS,호주,
볼라전각,A,7,,,,13300,2026/01/19,아빠고기,TEYS,호주,
볼라전각,S,20,,,,13800,2026/01/19,우진미트,TEYS,호주,
볼라전각,S,399,20.1,,,13300,2026-01-21,,TEYS,호주,강동2
삼겹양지,S,20,,,,8600,2026/01/19,우진미트,TEYS,호주,
설깃,S,294,,,,12900,2026/01/19,아빠고기,TEYS,호주,
설도,S,7,,,,13700,2026/01/19,아빠고기,TEYS,호주,
설도,A,291,,,,13400,2026/01/19,아빠고기,TEYS,호주,
스페어립,S,"399,7",,,,7500,2026/01/19,아빠고기,TEYS,호주,
양지,S,294/423,,,,12800,2026/01/20,,TEYS,,강동2
우둔,A,399,,,,15600,2026/01/19,EumyeongFoods,TEYS,,
우둔,A,"7,399,294,423",,,,15300,2026/01/19,아빠고기,TEYS,호주,
우둔,A,294/399/423/7,,,,15300,2026/01/20,,TEYS,,강동2
우둔,A,399,18.6,,,15300,2026-01-21,,TEYS,호주,삼진2
차돌양지,A,294,,,,12600,2026/01/19,EumyeongFoods,TEYS,,
차돌양지,A,423,,,,12600,2026/01/19,EumyeongFoods,TEYS,,
차돌양지,S,7,,,,13000,2026/01/19,아빠고기,TEYS,호주,
차돌양지,A,399,,,,12600,2026/01/19,아빠고기,TEYS,호주,
차돌양지,A,294,,,,12600,2026/01/19,아빠고기,TEYS,호주,
차돌양지,A,"294,423",20,,,12300,2026-01-21,,TEYS,호주,삼진2
척갈비,S,19.2,,,,12200,2026/01/19,우진미트,TEYS,호주,
척갈비,S,16.5,,,,12000,2026/01/19,우진미트,TEYS,호주,
척갈비,S,423,16.4,,,11500,2026-01-21,,TEYS,호주,삼진2
척백립,S,423,,,,9000,2026/01/19,아빠고기,TEYS,호주,
헤드미트,,294,,,,8700,2026/01/19,EumyeongFoods,TEYS,,
헤드미트,,"7,399,294",,,,8600,2026/01/19,아빠고기,TEYS,호주,
헤드미트,,294,27.2,,,8700,2026-01-21,,TEYS,호주,삼진2
홍두깨,,7,,,,16100,2026/01/19,아빠고기,TEYS,호주,
홍두깨,A,"399,294",,,,16100,2026/01/19,아빠고기,TEYS,호주,
갈비,A,,,,,11800,2026/01/19,TMS,TEYS/호주,,
깐양,S,,,,,4800,2026/01/19,TMS,TEYS/호주,,
목심,A,,,,,15300,2026/01/19,TMS,TEYS/호주,,
목심,S,,,,,15300,2026/01/19,TMS,TEYS/호주,,
볼라전각,A,,,,,13200,2026/01/19,TMS,TEYS/호주,,
볼라전각,S,,,,,13400,2026/01/19,TMS,TEYS/호주,,
볼라전각,S,,,,,13500,2026/01/19,TMS,TEYS/호주,,
앞갈비,S,,,,,11800,2026/01/19,TMS,TEYS/호주,,
우둔,A,,,,,15300,2026/01/19,TMS,TEYS/호주,,
차돌양지,S,,,,,12800,2026/01/19,TMS,TEYS/호주,,
대동맥,,14.8,,,,8000,2026/01/19,우진미트,THOMAS(HALAL),호주,
뒷스지,,14.5,,,,7000,2026/01/19,우진미트,THOMAS(HALAL),호주,
목뼈,,18.6,,,,28000,2026/01/19,우진미트,THOMAS(HALAL),호주,
학스지,,14.6,,,,6000,2026/01/19,우진미트,THOMAS(HALAL),호주,
송아지 짝갈비,송아지,16.5,,,,5000,2026/01/19,우진미트,TK MEATS,오스트리아,
숏로인,LAMB,16,,,,15000,2026/01/19,우진미트,V&V,뉴질랜드,
인앤아웃갈비(10-13),,,,,,8800,2026/01/19,NaruFoods,WESTFORT,,
목심,A,,,,,"14,200",2026/01/19,,WINGHAM,호주,강동2
갈비,YGGF,89,,,통관예정,14000,2026/01/19,독보팜스,WMPG,호주,삼진1
갈비,S,89,,,,12000,2026/01/19,독보팜스,WMPG,호주,삼진1
갈비,A,89,,,,11000,2026/01/19,독보팜스,WMPG,호주,삼진1
늑간,S,89,,,통관예정,16000,2026/01/19,독보팜스,WMPG,호주,삼진1
백립,S,89,,,,8000,2026/01/19,독보팜스,WMPG,호주,삼진1
조각백립,GF/S,89,,,,6500,2026/01/19,독보팜스,WMPG,호주,삼진1
헤드미트,,968,,,통관예정,8700,2026/01/19,독보팜스,WMPG,호주,삼진1
갈비,GFYG,21.4,,,,13500,2026/01/19,우진미트,WMPG(HALAL),호주,
갈비,S,18.5,,,,12000,2026/01/19,우진미트,WMPG(HALAL),호주,
갈비,A,19.3,,,,11500,2026/01/19,우진미트,WMPG(HALAL),호주,
등갈비,S,18.4,,,,9000,2026/01/19,우진미트,WMPG(HALAL),호주,
잡육,60CL,,,,,7000,2026/01/19,우진미트,WMPG(HALAL),호주,
잡육,65CL,27.2,,,,7600,2026/01/19,우진미트,WMPG(HALAL),호주,
갈비,PR,,,,100%블랙앵거스,28000,2026-01-21,,WR,미국,
백립,,,,,100%블랙앵거스,8800,2026-01-21,,WR,미국,
양지늑간,,,,,100%블랙앵거스,13500,2026-01-21,,WR,미국,
조각삼겹양지,,,,,100%블랙앵거스,7700,2026-01-21,,WR,미국,
황제늑간,,,,,100%블랙앵거스,17500,2026-01-21,,WR,미국,
BBQ,,,,,100%블랙앵거스,10000,2026-01-21,,WR,미국,
갈비,초이스,20.7,,,,26000,2026/01/19,우진미트,WR(블랙앵거스),미국,
갈비,CAB,21.2,,,,27000,2026/01/19,우진미트,WR(블랙앵거스),미국,
갈비,프라임,,,,,28000,2026/01/19,우진미트,WR(블랙앵거스),미국,
끝갈비,,23.5,,,,9500,2026/01/19,우진미트,WR(블랙앵거스),미국,
늑간,초이스,22.4,,,,21000,2026/01/19,우진미트,WR(블랙앵거스),미국,
등갈비,,29,,,,8800,2026/01/19,우진미트,WR(블랙앵거스),미국,
척BBQ,,23,,,,9500,2026/01/19,우진미트,WR(블랙앵거스),미국,
척갈비,CH,86M,,,,14500,2026/01/19,HelloFarms,,,
척갈비,SEL/UN,86E,,,,11000,2026/01/19,HelloFarms,,,
탕갈비,CH,86R,,,,8000,2026/01/19,HelloFarms,,,
탕갈비,CH(AP),86M,,,,8200,2026/01/19,HelloFarms,,,
탕갈비,UN,86K,,,,7400,2026/01/19,HelloFarms,,,
LA갈비,CAB,86E,,,,18300,2026/01/19,HelloFarms,,,
LA갈비,CH,86M,,,,21000,2026/01/19,HelloFarms,,,
LA갈비,CH,86K,,,,18200,2026/01/19,HelloFarms,,,
LA갈비,CH,86E,,,,18000,2026/01/19,HelloFarms,,,
LA갈비,SEL,86M,,,,18300,2026/01/19,HelloFarms,,,
LA갈비,SEL,86R,,,,18200,2026/01/19,HelloFarms,,,
LA갈비,SEL/UN,86K,,,,17800,2026/01/19,HelloFarms,,,
LA갈비,SEL/UN,86E,,,,17600,2026/01/19,HelloFarms,,,